Date,WTI_Oil,US10Y,VIX
2020-01-02,61.18000030517578,1.8819999694824219,12.470000267028809
2020-01-03,63.04999923706055,1.7879999876022339,14.020000457763672
2020-01-06,63.27000045776367,1.8109999895095825,13.850000381469727
2020-01-07,62.70000076293945,1.8270000219345093,13.789999961853027
2020-01-08,59.61000061035156,1.8739999532699585,13.449999809265137
2020-01-09,59.560001373291016,1.8580000400543213,12.539999961853027
2020-01-10,59.040000915527344,1.8250000476837158,12.5600004196167
2020-01-13,58.08000183105469,1.8480000495910645,12.319999694824219
2020-01-14,58.22999954223633,1.8179999589920044,12.390000343322754
2020-01-15,57.810001373291016,1.7879999876022339,12.420000076293945
2020-01-16,58.52000045776367,1.809000015258789,12.319999694824219
2020-01-17,58.540000915527344,1.8359999656677246,12.100000381469727
2020-01-21,58.34000015258789,1.7690000534057617,12.850000381469727
2020-01-22,56.7400016784668,1.7690000534057617,12.90999984741211
2020-01-23,55.59000015258789,1.7400000095367432,12.979999542236328
2020-01-24,54.189998626708984,1.680999994277954,14.5600004196167
2020-01-27,53.13999938964844,1.6050000190734863,18.229999542236328
2020-01-28,53.47999954223633,1.6410000324249268,16.280000686645508
2020-01-29,53.33000183105469,1.593999981880188,16.389999389648438
2020-01-30,52.13999938964844,1.5579999685287476,15.489999771118164
2020-01-31,51.560001373291016,1.5199999809265137,18.84000015258789
2020-02-03,50.11000061035156,1.5199999809265137,17.969999313354492
2020-02-04,49.61000061035156,1.6030000448226929,16.049999237060547
2020-02-05,50.75,1.6490000486373901,15.149999618530273
2020-02-06,50.95000076293945,1.6440000534057617,14.960000038146973
2020-02-07,50.31999969482422,1.5779999494552612,15.470000267028809
2020-02-10,49.56999969482422,1.5470000505447388,15.039999961853027
2020-02-11,49.939998626708984,1.590000033378601,15.180000305175781
2020-02-12,51.16999816894531,1.6299999952316284,13.739999771118164
2020-02-13,51.41999816894531,1.6169999837875366,14.149999618530273
2020-02-14,52.04999923706055,1.5880000591278076,13.680000305175781
2020-02-18,52.04999923706055,1.555999994277954,14.829999923706055
2020-02-19,53.290000915527344,1.5700000524520874,14.380000114440918
2020-02-20,53.779998779296875,1.524999976158142,15.5600004196167
2020-02-21,53.380001068115234,1.4709999561309814,17.079999923706055
2020-02-24,51.43000030517578,1.3769999742507935,25.030000686645508
2020-02-25,49.900001525878906,1.3300000429153442,27.850000381469727
2020-02-26,48.72999954223633,1.309999942779541,27.559999465942383
2020-02-27,47.09000015258789,1.2990000247955322,39.15999984741211
2020-02-28,44.7599983215332,1.1269999742507935,40.11000061035156
2020-03-02,46.75,1.0880000591278076,33.41999816894531
2020-03-03,47.18000030517578,1.0099999904632568,36.81999969482422
2020-03-04,46.779998779296875,0.9919999837875366,31.989999771118164
2020-03-05,45.900001525878906,0.9259999990463257,39.619998931884766
2020-03-06,41.279998779296875,0.7059999704360962,41.939998626708984
2020-03-09,31.1299991607666,0.49900001287460327,54.459999084472656
2020-03-10,34.36000061035156,0.7480000257492065,47.29999923706055
2020-03-11,32.97999954223633,0.8199999928474426,53.900001525878906
2020-03-12,31.5,0.8489999771118164,75.47000122070312
2020-03-13,31.729999542236328,0.9509999752044678,57.83000183105469
2020-03-16,28.700000762939453,0.7279999852180481,82.69000244140625
2020-03-17,26.950000762939453,0.996999979019165,75.91000366210938
2020-03-18,20.3700008392334,1.2660000324249268,76.44999694824219
2020-03-19,25.219999313354492,1.11899995803833,72.0
2020-03-20,22.43000030517578,0.9380000233650208,66.04000091552734
2020-03-23,23.360000610351562,0.7639999985694885,61.59000015258789
2020-03-24,24.010000228881836,0.8159999847412109,61.66999816894531
2020-03-25,24.489999771118164,0.8579999804496765,63.95000076293945
2020-03-26,22.600000381469727,0.8109999895095825,61.0
2020-03-27,21.510000228881836,0.7490000128746033,65.54000091552734
2020-03-30,20.09000015258789,0.6700000166893005,57.08000183105469
2020-03-31,20.479999542236328,0.6980000138282776,53.540000915527344
2020-04-01,20.309999465942383,0.6349999904632568,57.060001373291016
2020-04-02,25.31999969482422,0.6269999742507935,50.90999984741211
2020-04-03,28.34000015258789,0.5870000123977661,46.79999923706055
2020-04-06,26.079999923706055,0.6759999990463257,45.2400016784668
2020-04-07,23.6299991607666,0.7360000014305115,46.70000076293945
2020-04-08,25.09000015258789,0.7639999985694885,43.349998474121094
2020-04-09,22.760000228881836,0.7289999723434448,41.66999816894531
2020-04-13,22.40999984741211,0.7490000128746033,41.16999816894531
2020-04-14,20.110000610351562,0.7519999742507935,37.7599983215332
2020-04-15,19.8700008392334,0.6380000114440918,40.84000015258789
2020-04-16,19.8700008392334,0.609000027179718,40.11000061035156
2020-04-17,18.270000457763672,0.6539999842643738,38.150001525878906
2020-04-20,-37.630001068115234,0.6259999871253967,43.83000183105469
2020-04-21,10.010000228881836,0.5709999799728394,45.40999984741211
2020-04-22,13.779999732971191,0.6190000176429749,41.97999954223633
2020-04-23,16.5,0.6129999756813049,41.380001068115234
2020-04-24,16.940000534057617,0.5960000157356262,35.93000030517578
2020-04-27,12.779999732971191,0.656000018119812,33.290000915527344
2020-04-28,12.34000015258789,0.6100000143051147,33.56999969482422
2020-04-29,15.0600004196167,0.6269999742507935,31.229999542236328
2020-04-30,18.84000015258789,0.621999979019165,34.150001525878906
2020-05-01,19.780000686645508,0.6420000195503235,37.189998626708984
2020-05-04,20.389999389648438,0.6370000243186951,35.970001220703125
2020-05-05,24.559999465942383,0.6570000052452087,33.61000061035156
2020-05-06,23.989999771118164,0.7110000252723694,34.119998931884766
2020-05-07,23.549999237060547,0.6309999823570251,31.440000534057617
2020-05-08,24.739999771118164,0.6819999814033508,27.979999542236328
2020-05-11,24.139999389648438,0.7260000109672546,27.56999969482422
2020-05-12,25.780000686645508,0.6779999732971191,33.040000915527344
2020-05-13,25.290000915527344,0.6489999890327454,35.279998779296875
2020-05-14,27.559999465942383,0.6190000176429749,32.61000061035156
2020-05-15,29.43000030517578,0.6399999856948853,31.889999389648438
2020-05-18,31.81999969482422,0.7440000176429749,29.299999237060547
2020-05-19,32.5,0.7110000252723694,30.530000686645508
2020-05-20,33.4900016784668,0.6800000071525574,27.989999771118164
2020-05-21,33.91999816894531,0.6769999861717224,29.530000686645508
2020-05-22,33.25,0.6570000052452087,28.15999984741211
2020-05-26,34.349998474121094,0.6980000138282776,28.010000228881836
2020-05-27,32.810001373291016,0.6800000071525574,27.6200008392334
2020-05-28,33.709999084472656,0.7049999833106995,28.59000015258789
2020-05-29,35.4900016784668,0.6480000019073486,27.510000228881836
2020-06-01,35.439998626708984,0.6620000004768372,28.229999542236328
2020-06-02,36.810001373291016,0.6800000071525574,26.84000015258789
2020-06-03,37.290000915527344,0.7609999775886536,25.65999984741211
2020-06-04,37.40999984741211,0.8199999928474426,25.809999465942383
2020-06-05,39.54999923706055,0.9039999842643738,24.520000457763672
2020-06-08,38.189998626708984,0.8840000033378601,25.809999465942383
2020-06-09,38.939998626708984,0.8289999961853027,27.56999969482422
2020-06-10,39.599998474121094,0.7480000257492065,27.56999969482422
2020-06-11,36.34000015258789,0.652999997138977,40.790000915527344
2020-06-12,36.2599983215332,0.6990000009536743,36.09000015258789
2020-06-15,37.119998931884766,0.7020000219345093,34.400001525878906
2020-06-16,38.380001068115234,0.7559999823570251,33.66999816894531
2020-06-17,37.959999084472656,0.7329999804496765,33.470001220703125
2020-06-18,38.84000015258789,0.6940000057220459,32.939998626708984
2020-06-19,39.75,0.6970000267028809,35.119998931884766
2020-06-22,40.459999084472656,0.7039999961853027,31.770000457763672
2020-06-23,40.369998931884766,0.7089999914169312,31.3700008392334
2020-06-24,38.0099983215332,0.6840000152587891,33.84000015258789
2020-06-25,38.720001220703125,0.6740000247955322,32.220001220703125
2020-06-26,38.4900016784668,0.6359999775886536,34.72999954223633
2020-06-29,39.70000076293945,0.6359999775886536,31.780000686645508
2020-06-30,39.27000045776367,0.652999997138977,30.43000030517578
2020-07-01,39.81999969482422,0.6819999814033508,28.6200008392334
2020-07-02,40.650001525878906,0.6690000295639038,27.68000030517578
2020-07-06,40.630001068115234,0.6840000152587891,27.940000534057617
2020-07-07,40.619998931884766,0.6499999761581421,29.43000030517578
2020-07-08,40.900001525878906,0.652999997138977,28.079999923706055
2020-07-09,39.619998931884766,0.6050000190734863,29.260000228881836
2020-07-10,40.54999923706055,0.6330000162124634,27.290000915527344
2020-07-13,40.099998474121094,0.6399999856948853,32.189998626708984
2020-07-14,40.290000915527344,0.6150000095367432,29.520000457763672
2020-07-15,41.20000076293945,0.6299999952316284,27.760000228881836
2020-07-16,40.75,0.6119999885559082,28.0
2020-07-17,40.59000015258789,0.628000020980835,25.68000030517578
2020-07-20,40.810001373291016,0.6200000047683716,24.459999084472656
2020-07-21,41.959999084472656,0.6069999933242798,24.84000015258789
2020-07-22,41.900001525878906,0.5950000286102295,24.31999969482422
2020-07-23,41.06999969482422,0.5820000171661377,26.079999923706055
2020-07-24,41.290000915527344,0.5889999866485596,25.84000015258789
2020-07-27,41.599998474121094,0.609000027179718,24.739999771118164
2020-07-28,41.040000915527344,0.5809999704360962,25.440000534057617
2020-07-29,41.27000045776367,0.5789999961853027,24.100000381469727
2020-07-30,39.91999816894531,0.5410000085830688,24.760000228881836
2020-07-31,40.27000045776367,0.5360000133514404,24.459999084472656
2020-08-03,41.0099983215332,0.5630000233650208,24.280000686645508
2020-08-04,41.70000076293945,0.5149999856948853,23.760000228881836
2020-08-05,42.189998626708984,0.5429999828338623,22.989999771118164
2020-08-06,41.95000076293945,0.5360000133514404,22.649999618530273
2020-08-07,41.220001220703125,0.5619999766349792,22.209999084472656
2020-08-10,41.939998626708984,0.5740000009536743,22.1299991607666
2020-08-11,41.61000061035156,0.6579999923706055,24.030000686645508
2020-08-12,42.66999816894531,0.6700000166893005,22.280000686645508
2020-08-13,42.2400016784668,0.7160000205039978,22.1299991607666
2020-08-14,42.0099983215332,0.7089999914169312,22.049999237060547
2020-08-17,42.88999938964844,0.6830000281333923,21.350000381469727
2020-08-18,42.88999938964844,0.6690000295639038,21.510000228881836
2020-08-19,42.93000030517578,0.675000011920929,22.540000915527344
2020-08-20,42.58000183105469,0.6439999938011169,22.719999313354492
2020-08-21,42.34000015258789,0.6399999856948853,22.540000915527344
2020-08-24,42.619998931884766,0.6460000276565552,22.3700008392334
2020-08-25,43.349998474121094,0.6819999814033508,22.030000686645508
2020-08-26,43.38999938964844,0.6869999766349792,23.270000457763672
2020-08-27,43.040000915527344,0.7459999918937683,24.469999313354492
2020-08-28,42.970001220703125,0.7289999723434448,22.959999084472656
2020-08-31,42.61000061035156,0.6930000185966492,26.40999984741211
2020-09-01,42.7599983215332,0.671999990940094,26.1200008392334
2020-09-02,41.5099983215332,0.6510000228881836,26.56999969482422
2020-09-03,41.369998931884766,0.621999979019165,33.599998474121094
2020-09-04,39.77000045776367,0.7210000157356262,30.75
2020-09-08,36.7599983215332,0.6840000152587891,31.459999084472656
2020-09-09,38.04999923706055,0.703000009059906,28.809999465942383
2020-09-10,37.29999923706055,0.6850000023841858,29.709999084472656
2020-09-11,37.33000183105469,0.6690000295639038,26.8700008392334
2020-09-14,37.2599983215332,0.6710000038146973,25.850000381469727
2020-09-15,38.279998779296875,0.6790000200271606,25.59000015258789
2020-09-16,40.15999984741211,0.6869999766349792,26.040000915527344
2020-09-17,40.970001220703125,0.6840000152587891,26.459999084472656
2020-09-18,41.11000061035156,0.6940000057220459,25.829999923706055
2020-09-21,39.310001373291016,0.6710000038146973,27.780000686645508
2020-09-22,39.599998474121094,0.6639999747276306,26.860000610351562
2020-09-23,39.93000030517578,0.6759999990463257,28.579999923706055
2020-09-24,40.310001373291016,0.6660000085830688,28.510000228881836
2020-09-25,40.25,0.6589999794960022,26.3799991607666
2020-09-28,40.599998474121094,0.6629999876022339,26.190000534057617
2020-09-29,39.290000915527344,0.6449999809265137,26.270000457763672
2020-09-30,40.220001220703125,0.6769999861717224,26.3700008392334
2020-10-01,38.720001220703125,0.6769999861717224,26.700000762939453
2020-10-02,37.04999923706055,0.6959999799728394,27.6299991607666
2020-10-05,39.220001220703125,0.7620000243186951,27.959999084472656
2020-10-06,40.66999816894531,0.7419999837875366,29.479999542236328
2020-10-07,39.95000076293945,0.7850000262260437,28.059999465942383
2020-10-08,41.189998626708984,0.7649999856948853,26.360000610351562
2020-10-09,40.599998474121094,0.7749999761581421,25.0
2020-10-12,39.43000030517578,0.7770000100135803,25.06999969482422
2020-10-13,40.20000076293945,0.7269999980926514,26.06999969482422
2020-10-14,41.040000915527344,0.722000002861023,26.399999618530273
2020-10-15,40.959999084472656,0.7310000061988831,26.969999313354492
2020-10-16,40.880001068115234,0.7440000176429749,27.40999984741211
2020-10-19,40.83000183105469,0.7609999775886536,29.18000030517578
2020-10-20,41.459999084472656,0.796999990940094,29.350000381469727
2020-10-21,40.029998779296875,0.8159999847412109,28.649999618530273
2020-10-22,40.63999938964844,0.8479999899864197,28.110000610351562
2020-10-23,39.849998474121094,0.8410000205039978,27.549999237060547
2020-10-26,38.560001373291016,0.8009999990463257,32.459999084472656
2020-10-27,39.56999969482422,0.777999997138977,33.349998474121094
2020-10-28,37.38999938964844,0.781000018119812,40.279998779296875
2020-10-29,36.16999816894531,0.8349999785423279,37.59000015258789
2020-10-30,35.790000915527344,0.8600000143051147,38.02000045776367
2020-11-02,36.810001373291016,0.8489999771118164,37.130001068115234
2020-11-03,37.65999984741211,0.8820000290870667,35.54999923706055
2020-11-04,39.150001525878906,0.7680000066757202,29.56999969482422
2020-11-05,38.790000915527344,0.7760000228881836,27.579999923706055
2020-11-06,37.13999938964844,0.8199999928474426,24.860000610351562
2020-11-09,40.290000915527344,0.9580000042915344,25.75
2020-11-10,41.36000061035156,0.972000002861023,24.799999237060547
2020-11-11,41.45000076293945,0.9580000042915344,23.450000762939453
2020-11-12,41.119998931884766,0.8849999904632568,25.350000381469727
2020-11-13,40.130001068115234,0.8930000066757202,23.100000381469727
2020-11-16,41.34000015258789,0.906000018119812,22.450000762939453
2020-11-17,41.43000030517578,0.871999979019165,22.709999084472656
2020-11-18,41.81999969482422,0.8820000290870667,23.84000015258789
2020-11-19,41.7400016784668,0.8539999723434448,23.110000610351562
2020-11-20,42.150001525878906,0.8289999961853027,23.700000762939453
2020-11-23,43.060001373291016,0.8569999933242798,22.65999984741211
2020-11-24,44.90999984741211,0.8820000290870667,21.639999389648438
2020-11-25,45.709999084472656,0.878000020980835,21.25
2020-11-27,45.529998779296875,0.8420000076293945,20.84000015258789
2020-11-30,45.34000015258789,0.843999981880188,20.56999969482422
2020-12-01,44.54999923706055,0.9340000152587891,20.770000457763672
2020-12-02,45.279998779296875,0.9480000138282776,21.170000076293945
2020-12-03,45.63999938964844,0.9200000166893005,21.280000686645508
2020-12-04,46.2599983215332,0.968999981880188,20.790000915527344
2020-12-07,45.7599983215332,0.9279999732971191,21.299999237060547
2020-12-08,45.599998474121094,0.9129999876022339,20.68000030517578
2020-12-09,45.52000045776367,0.9409999847412109,22.270000457763672
2020-12-10,46.779998779296875,0.9079999923706055,22.520000457763672
2020-12-11,46.56999969482422,0.8930000066757202,23.309999465942383
2020-12-14,46.9900016784668,0.8920000195503235,24.719999313354492
2020-12-15,47.619998931884766,0.9229999780654907,22.889999389648438
2020-12-16,47.81999969482422,0.9200000166893005,22.5
2020-12-17,48.36000061035156,0.9300000071525574,21.93000030517578
2020-12-18,49.099998474121094,0.9480000138282776,21.56999969482422
2020-12-21,47.7400016784668,0.9409999847412109,25.15999984741211
2020-12-22,47.02000045776367,0.9179999828338623,24.229999542236328
2020-12-23,48.119998931884766,0.9549999833106995,23.309999465942383
2020-12-24,48.22999954223633,0.9279999732971191,21.530000686645508
2020-12-28,47.619998931884766,0.9330000281333923,21.700000762939453
2020-12-29,48.0,0.9350000023841858,23.079999923706055
2020-12-30,48.400001525878906,0.9259999990463257,22.770000457763672
2020-12-31,48.52000045776367,0.9169999957084656,22.75
2021-01-04,47.619998931884766,0.9169999957084656,26.969999313354492
2021-01-05,49.93000030517578,0.9549999833106995,25.34000015258789
2021-01-06,50.630001068115234,1.0420000553131104,25.06999969482422
2021-01-07,50.83000183105469,1.0709999799728394,22.3700008392334
2021-01-08,52.2400016784668,1.1050000190734863,21.559999465942383
2021-01-11,52.25,1.1319999694824219,24.079999923706055
2021-01-12,53.209999084472656,1.1380000114440918,23.329999923706055
2021-01-13,52.90999984741211,1.0880000591278076,22.209999084472656
2021-01-14,53.56999969482422,1.128999948501587,23.25
2021-01-15,52.36000061035156,1.097000002861023,24.34000015258789
2021-01-19,52.97999954223633,1.0920000076293945,23.239999771118164
2021-01-20,53.2400016784668,1.090000033378601,21.579999923706055
2021-01-21,53.130001068115234,1.1089999675750732,21.31999969482422
2021-01-22,52.27000045776367,1.090999960899353,21.90999984741211
2021-01-25,52.77000045776367,1.0399999618530273,23.190000534057617
2021-01-26,52.61000061035156,1.0399999618530273,23.020000457763672
2021-01-27,52.849998474121094,1.0140000581741333,37.209999084472656
2021-01-28,52.34000015258789,1.0570000410079956,30.209999084472656
2021-01-29,52.20000076293945,1.093000054359436,33.09000015258789
2021-02-01,53.54999923706055,1.0770000219345093,30.239999771118164
2021-02-02,54.7599983215332,1.1050000190734863,25.559999465942383
2021-02-03,55.689998626708984,1.13100004196167,22.90999984741211
2021-02-04,56.22999954223633,1.1390000581741333,21.770000457763672
2021-02-05,56.849998474121094,1.1699999570846558,20.8700008392334
2021-02-08,57.970001220703125,1.159999966621399,21.239999771118164
2021-02-09,58.36000061035156,1.156999945640564,21.6299991607666
2021-02-10,58.68000030517578,1.1330000162124634,21.989999771118164
2021-02-11,58.2400016784668,1.1579999923706055,21.25
2021-02-12,59.470001220703125,1.2000000476837158,19.969999313354492
2021-02-16,60.04999923706055,1.2990000247955322,21.459999084472656
2021-02-17,61.13999938964844,1.3009999990463257,21.5
2021-02-18,60.52000045776367,1.2869999408721924,22.489999771118164
2021-02-19,59.2400016784668,1.3450000286102295,22.049999237060547
2021-02-22,61.4900016784668,1.3700000047683716,23.450000762939453
2021-02-23,61.66999816894531,1.3619999885559082,23.110000610351562
2021-02-24,63.220001220703125,1.3890000581741333,21.34000015258789
2021-02-25,63.529998779296875,1.5180000066757202,28.889999389648438
2021-02-26,61.5,1.4600000381469727,27.950000762939453
2021-03-01,60.63999938964844,1.4459999799728394,23.350000381469727
2021-03-02,59.75,1.4149999618530273,24.100000381469727
2021-03-03,61.279998779296875,1.4700000286102295,26.670000076293945
2021-03-04,63.83000183105469,1.5499999523162842,28.56999969482422
2021-03-05,66.08999633789062,1.5540000200271606,24.65999984741211
2021-03-08,65.05000305175781,1.5959999561309814,25.469999313354492
2021-03-09,64.01000213623047,1.5460000038146973,24.030000686645508
2021-03-10,64.44000244140625,1.5199999809265137,22.559999465942383
2021-03-11,66.0199966430664,1.5269999504089355,21.90999984741211
2021-03-12,65.61000061035156,1.6349999904632568,20.690000534057617
2021-03-15,65.38999938964844,1.6069999933242798,20.030000686645508
2021-03-16,64.80000305175781,1.621000051498413,19.790000915527344
2021-03-17,64.5999984741211,1.6410000324249268,19.229999542236328
2021-03-18,60.0,1.7300000190734863,21.579999923706055
2021-03-19,61.41999816894531,1.7319999933242798,20.950000762939453
2021-03-22,61.54999923706055,1.684000015258789,18.8799991607666
2021-03-23,57.7599983215332,1.6380000114440918,20.299999237060547
2021-03-24,61.18000030517578,1.6139999628067017,21.200000762939453
2021-03-25,58.560001373291016,1.6139999628067017,19.809999465942383
2021-03-26,60.970001220703125,1.659999966621399,18.860000610351562
2021-03-29,61.560001373291016,1.7209999561309814,20.739999771118164
2021-03-30,60.54999923706055,1.7259999513626099,19.610000610351562
2021-03-31,59.15999984741211,1.746000051498413,19.399999618530273
2021-04-01,61.45000076293945,1.6790000200271606,17.329999923706055
2021-04-05,58.650001525878906,1.7200000286102295,17.90999984741211
2021-04-06,59.33000183105469,1.656000018119812,18.1200008392334
2021-04-07,59.77000045776367,1.652999997138977,17.15999984741211
2021-04-08,59.599998474121094,1.6319999694824219,16.950000762939453
2021-04-09,59.31999969482422,1.6660000085830688,16.690000534057617
2021-04-12,59.70000076293945,1.6749999523162842,16.90999984741211
2021-04-13,60.18000030517578,1.6230000257492065,16.649999618530273
2021-04-14,63.150001525878906,1.6380000114440918,16.989999771118164
2021-04-15,63.459999084472656,1.5299999713897705,16.56999969482422
2021-04-16,63.130001068115234,1.5729999542236328,16.25
2021-04-19,63.380001068115234,1.6009999513626099,17.290000915527344
2021-04-20,62.439998626708984,1.562000036239624,18.68000030517578
2021-04-21,61.349998474121094,1.5640000104904175,17.5
2021-04-22,61.43000030517578,1.5540000200271606,18.709999084472656
2021-04-23,62.13999938964844,1.5670000314712524,17.329999923706055
2021-04-26,61.90999984741211,1.5700000524520874,17.639999389648438
2021-04-27,62.939998626708984,1.621999979019165,17.559999465942383
2021-04-28,63.86000061035156,1.6200000047683716,17.280000686645508
2021-04-29,65.01000213623047,1.6399999856948853,17.610000610351562
2021-04-30,63.58000183105469,1.63100004196167,18.610000610351562
2021-05-03,64.48999786376953,1.6069999933242798,18.309999465942383
2021-05-04,65.69000244140625,1.5920000076293945,19.479999542236328
2021-05-05,65.62999725341797,1.5839999914169312,19.149999618530273
2021-05-06,64.70999908447266,1.5609999895095825,18.389999389648438
2021-05-07,64.9000015258789,1.5770000219345093,16.690000534057617
2021-05-10,64.91999816894531,1.6019999980926514,19.65999984741211
2021-05-11,65.27999877929688,1.6239999532699585,21.84000015258789
2021-05-12,66.08000183105469,1.6950000524520874,27.59000015258789
2021-05-13,63.81999969482422,1.6679999828338623,23.1299991607666
2021-05-14,65.37000274658203,1.6349999904632568,18.809999465942383
2021-05-17,66.2699966430664,1.6399999856948853,19.719999313354492
2021-05-18,65.48999786376953,1.6419999599456787,21.34000015258789
2021-05-19,63.36000061035156,1.6829999685287476,22.18000030517578
2021-05-20,62.04999923706055,1.6339999437332153,20.670000076293945
2021-05-21,63.58000183105469,1.6319999694824219,20.149999618530273
2021-05-24,66.05000305175781,1.6080000400543213,18.399999618530273
2021-05-25,66.06999969482422,1.5640000104904175,18.84000015258789
2021-05-26,66.20999908447266,1.5740000009536743,17.360000610351562
2021-05-27,66.8499984741211,1.6100000143051147,16.739999771118164
2021-05-28,66.31999969482422,1.5809999704360962,16.760000228881836
2021-06-01,67.72000122070312,1.6150000095367432,17.899999618530273
2021-06-02,68.83000183105469,1.590999960899353,17.479999542236328
2021-06-03,68.80999755859375,1.625,18.040000915527344
2021-06-04,69.62000274658203,1.559999942779541,16.420000076293945
2021-06-07,69.2300033569336,1.569000005722046,16.420000076293945
2021-06-08,70.05000305175781,1.527999997138977,17.06999969482422
2021-06-09,69.95999908447266,1.4889999628067017,17.889999389648438
2021-06-10,70.29000091552734,1.4589999914169312,16.100000381469727
2021-06-11,70.91000366210938,1.4620000123977661,15.649999618530273
2021-06-14,70.87999725341797,1.5010000467300415,16.389999389648438
2021-06-15,72.12000274658203,1.4989999532699585,17.020000457763672
2021-06-16,72.1500015258789,1.569000005722046,18.149999618530273
2021-06-17,71.04000091552734,1.5110000371932983,17.75
2021-06-18,71.63999938964844,1.4500000476837158,20.700000762939453
2021-06-21,73.66000366210938,1.4839999675750732,17.889999389648438
2021-06-22,73.05999755859375,1.472000002861023,16.65999984741211
2021-06-23,73.08000183105469,1.4869999885559082,16.31999969482422
2021-06-24,73.30000305175781,1.4869999885559082,15.970000267028809
2021-06-25,74.05000305175781,1.5360000133514404,15.619999885559082
2021-06-28,72.91000366210938,1.4780000448226929,15.760000228881836
2021-06-29,72.9800033569336,1.4800000190734863,16.020000457763672
2021-06-30,73.47000122070312,1.4429999589920044,15.829999923706055
2021-07-01,75.2300033569336,1.4800000190734863,15.479999542236328
2021-07-02,75.16000366210938,1.430999994277954,15.069999694824219
2021-07-06,73.37000274658203,1.3700000047683716,16.440000534057617
2021-07-07,72.19999694824219,1.3209999799728394,16.200000762939453
2021-07-08,72.94000244140625,1.2879999876022339,19.0
2021-07-09,74.55999755859375,1.3559999465942383,16.18000030517578
2021-07-12,74.0999984741211,1.3630000352859497,16.170000076293945
2021-07-13,75.25,1.4149999618530273,17.1200008392334
2021-07-14,73.12999725341797,1.3559999465942383,16.329999923706055
2021-07-15,71.6500015258789,1.2970000505447388,17.010000228881836
2021-07-16,71.80999755859375,1.2999999523162842,18.450000762939453
2021-07-19,66.41999816894531,1.180999994277954,22.5
2021-07-20,67.41999816894531,1.2089999914169312,19.729999542236328
2021-07-21,70.30000305175781,1.2799999713897705,17.90999984741211
2021-07-22,71.91000366210938,1.2649999856948853,17.690000534057617
2021-07-23,72.06999969482422,1.2860000133514404,17.200000762939453
2021-07-26,71.91000366210938,1.2760000228881836,17.579999923706055
2021-07-27,71.6500015258789,1.2339999675750732,19.360000610351562
2021-07-28,72.38999938964844,1.2610000371932983,18.309999465942383
2021-07-29,73.62000274658203,1.2690000534057617,17.700000762939453
2021-07-30,73.94999694824219,1.2389999628067017,18.239999771118164
2021-08-02,71.26000213623047,1.1740000247955322,19.459999084472656
2021-08-03,70.55999755859375,1.1759999990463257,18.040000915527344
2021-08-04,68.1500015258789,1.184000015258789,17.969999313354492
2021-08-05,69.08999633789062,1.2170000076293945,17.280000686645508
2021-08-06,68.27999877929688,1.2899999618530273,16.149999618530273
2021-08-09,66.4800033569336,1.3170000314712524,16.719999313354492
2021-08-10,68.29000091552734,1.3420000076293945,16.790000915527344
2021-08-11,69.25,1.3289999961853027,16.170000076293945
2021-08-12,69.08999633789062,1.3669999837875366,15.59000015258789
2021-08-13,68.44000244140625,1.2970000505447388,15.449999809265137
2021-08-16,67.29000091552734,1.2569999694824219,16.1200008392334
2021-08-17,66.58999633789062,1.2580000162124634,17.90999984741211
2021-08-18,65.45999908447266,1.2730000019073486,21.56999969482422
2021-08-19,63.689998626708984,1.2419999837875366,21.670000076293945
2021-08-20,62.31999969482422,1.2599999904632568,18.559999465942383
2021-08-23,65.63999938964844,1.2549999952316284,17.149999618530273
2021-08-24,67.54000091552734,1.2899999618530273,17.219999313354492
2021-08-25,68.36000061035156,1.3420000076293945,16.790000915527344
2021-08-26,67.41999816894531,1.3420000076293945,18.84000015258789
2021-08-27,68.73999786376953,1.312000036239624,16.389999389648438
2021-08-30,69.20999908447266,1.284999966621399,16.190000534057617
2021-08-31,68.5,1.3040000200271606,16.479999542236328
2021-09-01,68.58999633789062,1.3020000457763672,16.110000610351562
2021-09-02,69.98999786376953,1.2940000295639038,16.40999984741211
2021-09-03,69.29000091552734,1.3220000267028809,16.40999984741211
2021-09-07,68.3499984741211,1.3700000047683716,18.139999389648438
2021-09-08,69.30000305175781,1.3339999914169312,17.959999084472656
2021-09-09,68.13999938964844,1.2990000247955322,18.799999237060547
2021-09-10,69.72000122070312,1.340999960899353,20.950000762939453
2021-09-13,70.44999694824219,1.3240000009536743,19.3700008392334
2021-09-14,70.45999908447266,1.2769999504089355,19.459999084472656
2021-09-15,72.61000061035156,1.3040000200271606,18.18000030517578
2021-09-16,72.61000061035156,1.3309999704360962,18.690000534057617
2021-09-17,71.97000122070312,1.3700000047683716,20.809999465942383
2021-09-20,70.29000091552734,1.309000015258789,25.709999084472656
2021-09-21,70.55999755859375,1.3240000009536743,24.360000610351562
2021-09-22,72.2300033569336,1.3359999656677246,20.8700008392334
2021-09-23,73.30000305175781,1.409999966621399,18.6299991607666
2021-09-24,73.9800033569336,1.4600000381469727,17.75
2021-09-27,75.44999694824219,1.4839999675750732,18.760000228881836
2021-09-28,75.29000091552734,1.534000039100647,23.25
2021-09-29,74.83000183105469,1.5410000085830688,22.559999465942383
2021-09-30,75.02999877929688,1.5290000438690186,23.139999389648438
2021-10-01,75.87999725341797,1.4789999723434448,21.100000381469727
2021-10-04,77.62000274658203,1.4809999465942383,22.959999084472656
2021-10-05,78.93000030517578,1.5290000438690186,21.299999237060547
2021-10-06,77.43000030517578,1.5240000486373901,21.0
2021-10-07,78.30000305175781,1.5709999799728394,19.540000915527344
2021-10-08,79.3499984741211,1.6050000190734863,18.770000457763672
2021-10-11,80.5199966430664,1.6139999628067017,20.0
2021-10-12,80.63999938964844,1.5800000429153442,19.850000381469727
2021-10-13,80.44000244140625,1.5490000247955322,18.639999389648438
2021-10-14,81.30999755859375,1.5190000534057617,16.860000610351562
2021-10-15,82.27999877929688,1.5759999752044678,16.299999237060547
2021-10-18,82.44000244140625,1.5839999914169312,16.309999465942383
2021-10-19,82.95999908447266,1.6349999904632568,15.699999809265137
2021-10-20,83.87000274658203,1.6360000371932983,15.489999771118164
2021-10-21,82.5,1.6759999990463257,15.010000228881836
2021-10-22,83.76000213623047,1.6549999713897705,15.430000305175781
2021-10-25,83.76000213623047,1.6349999904632568,15.239999771118164
2021-10-26,84.6500015258789,1.61899995803833,15.979999542236328
2021-10-27,82.66000366210938,1.5290000438690186,16.979999542236328
2021-10-28,82.80999755859375,1.5679999589920044,16.530000686645508
2021-10-29,83.56999969482422,1.5570000410079956,16.260000228881836
2021-11-01,84.05000305175781,1.5750000476837158,16.40999984741211
2021-11-02,83.91000366210938,1.5490000247955322,16.030000686645508
2021-11-03,80.86000061035156,1.5789999961853027,15.100000381469727
2021-11-04,78.80999755859375,1.5240000486373901,15.4399995803833
2021-11-05,81.2699966430664,1.4529999494552612,16.479999542236328
2021-11-08,81.93000030517578,1.496999979019165,17.219999313354492
2021-11-09,84.1500015258789,1.4320000410079956,17.780000686645508
2021-11-10,81.33999633789062,1.559999942779541,18.729999542236328
2021-11-11,81.58999633789062,1.559999942779541,17.65999984741211
2021-11-12,80.79000091552734,1.5820000171661377,16.290000915527344
2021-11-15,80.87999725341797,1.6230000257492065,16.489999771118164
2021-11-16,80.76000213623047,1.6339999437332153,16.3700008392334
2021-11-17,78.36000061035156,1.6039999723434448,17.110000610351562
2021-11-18,79.01000213623047,1.5889999866485596,17.59000015258789
2021-11-19,76.0999984741211,1.5360000133514404,17.90999984741211
2021-11-22,76.75,1.625,19.170000076293945
2021-11-23,78.5,1.6670000553131104,19.3799991607666
2021-11-24,78.38999938964844,1.6449999809265137,18.579999923706055
2021-11-26,68.1500015258789,1.4819999933242798,28.6200008392334
2021-11-29,69.94999694824219,1.5299999713897705,22.959999084472656
2021-11-30,66.18000030517578,1.4429999589920044,27.190000534057617
2021-12-01,65.56999969482422,1.434000015258789,31.1200008392334
2021-12-02,66.5,1.4479999542236328,27.950000762939453
2021-12-03,66.26000213623047,1.343000054359436,30.670000076293945
2021-12-06,69.48999786376953,1.434000015258789,27.18000030517578
2021-12-07,72.05000305175781,1.4800000190734863,21.889999389648438
2021-12-08,72.36000061035156,1.5089999437332153,19.899999618530273
2021-12-09,70.94000244140625,1.4869999885559082,21.579999923706055
2021-12-10,71.66999816894531,1.4889999628067017,18.690000534057617
2021-12-13,71.29000091552734,1.4240000247955322,20.309999465942383
2021-12-14,70.7300033569336,1.437999963760376,21.889999389648438
2021-12-15,70.87000274658203,1.4630000591278076,19.290000915527344
2021-12-16,72.37999725341797,1.4220000505447388,20.56999969482422
2021-12-17,70.86000061035156,1.4019999504089355,21.56999969482422
2021-12-20,68.2300033569336,1.4190000295639038,22.8700008392334
2021-12-21,71.12000274658203,1.4869999885559082,21.010000228881836
2021-12-22,72.76000213623047,1.4570000171661377,18.6299991607666
2021-12-23,73.79000091552734,1.4930000305175781,17.959999084472656
2021-12-27,75.56999969482422,1.4809999465942383,17.68000030517578
2021-12-28,75.9800033569336,1.4809999465942383,17.540000915527344
2021-12-29,76.55999755859375,1.5429999828338623,16.950000762939453
2021-12-30,76.98999786376953,1.5149999856948853,17.329999923706055
2021-12-31,75.20999908447266,1.5119999647140503,17.219999313354492
2022-01-03,76.08000183105469,1.628000020980835,16.600000381469727
2022-01-04,76.98999786376953,1.6679999828338623,16.90999984741211
2022-01-05,77.8499984741211,1.7050000429153442,19.729999542236328
2022-01-06,79.45999908447266,1.7330000400543213,19.610000610351562
2022-01-07,78.9000015258789,1.7710000276565552,18.760000228881836
2022-01-10,78.2300033569336,1.7799999713897705,19.399999618530273
2022-01-11,81.22000122070312,1.746000051498413,18.40999984741211
2022-01-12,82.63999938964844,1.725000023841858,17.6200008392334
2022-01-13,82.12000274658203,1.7109999656677246,20.309999465942383
2022-01-14,83.81999969482422,1.7719999551773071,19.190000534057617
2022-01-18,85.43000030517578,1.8650000095367432,22.790000915527344
2022-01-19,86.95999908447266,1.8270000219345093,23.850000381469727
2022-01-20,86.9000015258789,1.8329999446868896,25.59000015258789
2022-01-21,85.13999938964844,1.746999979019165,28.850000381469727
2022-01-24,83.30999755859375,1.7350000143051147,29.899999618530273
2022-01-25,85.5999984741211,1.7829999923706055,31.15999984741211
2022-01-26,87.3499984741211,1.8480000495910645,31.959999084472656
2022-01-27,86.61000061035156,1.8070000410079956,30.489999771118164
2022-01-28,86.81999969482422,1.781999945640564,27.65999984741211
2022-01-31,88.1500015258789,1.781999945640564,24.829999923706055
2022-02-01,88.19999694824219,1.7999999523162842,21.959999084472656
2022-02-02,88.26000213623047,1.7660000324249268,22.09000015258789
2022-02-03,90.2699966430664,1.8270000219345093,24.350000381469727
2022-02-04,92.30999755859375,1.9299999475479126,23.219999313354492
2022-02-07,91.31999969482422,1.9160000085830688,22.860000610351562
2022-02-08,89.36000061035156,1.9539999961853027,21.440000534057617
2022-02-09,89.66000366210938,1.9290000200271606,19.959999084472656
2022-02-10,89.87999725341797,2.0309998989105225,23.90999984741211
2022-02-11,93.0999984741211,1.9550000429153442,27.360000610351562
2022-02-14,95.45999908447266,1.996000051498413,28.329999923706055
2022-02-15,92.06999969482422,2.0450000762939453,25.700000762939453
2022-02-16,93.66000366210938,2.046999931335449,24.290000915527344
2022-02-17,91.76000213623047,1.972000002861023,28.110000610351562
2022-02-18,91.06999969482422,1.9320000410079956,27.75
2022-02-22,92.3499984741211,1.9479999542236328,28.809999465942383
2022-02-23,92.0999984741211,1.9769999980926514,31.020000457763672
2022-02-24,92.80999755859375,1.968999981880188,30.31999969482422
2022-02-25,91.58999633789062,1.9859999418258667,27.59000015258789
2022-02-28,95.72000122070312,1.8389999866485596,30.149999618530273
2022-03-01,103.41000366210938,1.7070000171661377,33.31999969482422
2022-03-02,110.5999984741211,1.8650000095367432,30.739999771118164
2022-03-03,107.66999816894531,1.843999981880188,30.479999542236328
2022-03-04,115.68000030517578,1.7239999771118164,31.979999542236328
2022-03-07,119.4000015258789,1.7510000467300415,36.45000076293945
2022-03-08,123.69999694824219,1.871999979019165,35.130001068115234
2022-03-09,108.69999694824219,1.9479999542236328,32.45000076293945
2022-03-10,106.0199966430664,2.010999917984009,30.229999542236328
2022-03-11,109.33000183105469,2.003999948501587,30.75
2022-03-14,103.01000213623047,2.140000104904175,31.770000457763672
2022-03-15,96.44000244140625,2.1600000858306885,29.829999923706055
2022-03-16,95.04000091552734,2.187999963760376,26.670000076293945
2022-03-17,102.9800033569336,2.191999912261963,25.670000076293945
2022-03-18,104.69999694824219,2.1480000019073486,23.8700008392334
2022-03-21,112.12000274658203,2.315000057220459,23.530000686645508
2022-03-22,111.76000213623047,2.372999906539917,22.940000534057617
2022-03-23,114.93000030517578,2.321000099182129,23.56999969482422
2022-03-24,112.33999633789062,2.3410000801086426,21.670000076293945
2022-03-25,113.9000015258789,2.492000102996826,20.809999465942383
2022-03-28,105.95999908447266,2.4769999980926514,19.6299991607666
2022-03-29,104.23999786376953,2.4000000953674316,18.899999618530273
2022-03-30,107.81999969482422,2.3580000400543213,19.329999923706055
2022-03-31,100.27999877929688,2.3269999027252197,20.559999465942383
2022-04-01,99.2699966430664,2.377000093460083,19.6299991607666
2022-04-04,103.27999877929688,2.4119999408721924,18.56999969482422
2022-04-05,101.95999908447266,2.555999994277954,21.030000686645508
2022-04-06,96.2300033569336,2.6089999675750732,22.100000381469727
2022-04-07,96.02999877929688,2.6519999504089355,21.549999237060547
2022-04-08,98.26000213623047,2.7130000591278076,21.15999984741211
2022-04-11,94.29000091552734,2.7799999713897705,24.3700008392334
2022-04-12,100.5999984741211,2.7249999046325684,24.260000228881836
2022-04-13,104.25,2.687000036239624,21.81999969482422
2022-04-14,106.94999694824219,2.828000068664551,22.700000762939453
2022-04-18,108.20999908447266,2.861999988555908,22.170000076293945
2022-04-19,102.55999755859375,2.9130001068115234,21.3700008392334
2022-04-20,102.75,2.8399999141693115,20.31999969482422
2022-04-21,103.79000091552734,2.9170000553131104,22.68000030517578
2022-04-22,102.06999969482422,2.9059998989105225,28.209999084472656
2022-04-25,98.54000091552734,2.8259999752044678,27.020000457763672
2022-04-26,101.69999694824219,2.7720000743865967,33.52000045776367
2022-04-27,102.0199966430664,2.818000078201294,31.600000381469727
2022-04-28,105.36000061035156,2.86299991607666,29.989999771118164
2022-04-29,104.69000244140625,2.88700008392334,33.400001525878906
2022-05-02,105.16999816894531,2.996000051498413,32.34000015258789
2022-05-03,102.41000366210938,2.9600000381469727,29.25
2022-05-04,107.80999755859375,2.9170000553131104,25.420000076293945
2022-05-05,108.26000213623047,3.065999984741211,31.200000762939453
2022-05-06,109.7699966430664,3.122999906539917,30.190000534057617
2022-05-09,103.08999633789062,3.0789999961853027,34.75
2022-05-10,99.76000213623047,2.993000030517578,32.9900016784668
2022-05-11,105.70999908447266,2.9210000038146973,32.560001373291016
2022-05-12,106.12999725341797,2.816999912261963,31.770000457763672
2022-05-13,110.48999786376953,2.934999942779541,28.8700008392334
2022-05-16,114.19999694824219,2.877000093460083,27.469999313354492
2022-05-17,112.4000015258789,2.9679999351501465,26.100000381469727
2022-05-18,109.58999633789062,2.885999917984009,30.959999084472656
2022-05-19,112.20999908447266,2.8550000190734863,29.350000381469727
2022-05-20,113.2300033569336,2.7869999408721924,29.43000030517578
2022-05-23,110.29000091552734,2.8589999675750732,28.479999542236328
2022-05-24,109.7699966430664,2.759999990463257,29.450000762939453
2022-05-25,110.33000183105469,2.749000072479248,28.3700008392334
2022-05-26,114.08999633789062,2.75600004196167,27.5
2022-05-27,115.06999969482422,2.743000030517578,25.719999313354492
2022-05-31,114.66999816894531,2.8440001010894775,26.190000534057617
2022-06-01,115.26000213623047,2.930999994277954,25.690000534057617
2022-06-02,116.87000274658203,2.9130001068115234,24.719999313354492
2022-06-03,118.87000274658203,2.9570000171661377,24.790000915527344
2022-06-06,118.5,3.0380001068115234,25.06999969482422
2022-06-07,119.41000366210938,2.9719998836517334,24.020000457763672
2022-06-08,122.11000061035156,3.0290000438690186,23.959999084472656
2022-06-09,121.51000213623047,3.0439999103546143,26.09000015258789
2022-06-10,120.66999816894531,3.1559998989105225,27.75
2022-06-13,120.93000030517578,3.365999937057495,34.02000045776367
2022-06-14,118.93000030517578,3.4830000400543213,32.689998626708984
2022-06-15,115.30999755859375,3.3949999809265137,29.6200008392334
2022-06-16,117.58999633789062,3.306999921798706,32.95000076293945
2022-06-17,109.55999755859375,3.239000082015991,31.1299991607666
2022-06-21,110.6500015258789,3.306999921798706,30.190000534057617
2022-06-22,106.19000244140625,3.1559998989105225,28.950000762939453
2022-06-23,104.2699966430664,3.068000078201294,29.049999237060547
2022-06-24,107.62000274658203,3.125,27.229999542236328
2022-06-27,109.56999969482422,3.194000005722046,26.950000762939453
2022-06-28,111.76000213623047,3.2060000896453857,28.360000610351562
2022-06-29,109.77999877929688,3.0929999351501465,28.15999984741211
2022-06-30,105.76000213623047,2.9719998836517334,28.709999084472656
2022-07-01,108.43000030517578,2.8889999389648438,26.700000762939453
2022-07-05,99.5,2.809000015258789,27.540000915527344
2022-07-06,98.52999877929688,2.9130001068115234,26.729999542236328
2022-07-07,102.7300033569336,3.007999897003174,26.079999923706055
2022-07-08,104.79000091552734,3.1010000705718994,24.639999389648438
2022-07-11,104.08999633789062,2.990999937057495,26.170000076293945
2022-07-12,95.83999633789062,2.9579999446868896,27.290000915527344
2022-07-13,96.30000305175781,2.9040000438690186,26.81999969482422
2022-07-14,95.77999877929688,2.9600000381469727,26.399999618530273
2022-07-15,97.58999633789062,2.930000066757202,24.229999542236328
2022-07-18,102.5999984741211,2.9600000381469727,25.299999237060547
2022-07-19,104.22000122070312,3.0190000534057617,24.5
2022-07-20,102.26000213623047,3.0360000133514404,23.8799991607666
2022-07-21,96.3499984741211,2.9100000858306885,23.110000610351562
2022-07-22,94.69999694824219,2.7829999923706055,23.030000686645508
2022-07-25,96.69999694824219,2.819999933242798,23.360000610351562
2022-07-26,94.9800033569336,2.7869999408721924,24.690000534057617
2022-07-27,97.26000213623047,2.7339999675750732,23.239999771118164
2022-07-28,96.41999816894531,2.680999994277954,22.329999923706055
2022-07-29,98.62000274658203,2.6419999599456787,21.329999923706055
2022-08-01,93.88999938964844,2.6059999465942383,22.84000015258789
2022-08-02,94.41999816894531,2.740999937057495,23.93000030517578
2022-08-03,90.66000366210938,2.747999906539917,21.950000762939453
2022-08-04,88.54000091552734,2.6760001182556152,21.440000534057617
2022-08-05,89.01000213623047,2.8399999141693115,21.149999618530273
2022-08-08,90.76000213623047,2.765000104904175,21.290000915527344
2022-08-09,90.5,2.796999931335449,21.770000457763672
2022-08-10,91.93000030517578,2.7860000133514404,19.739999771118164
2022-08-11,94.33999633789062,2.888000011444092,20.200000762939453
2022-08-12,92.08999633789062,2.8489999771118164,19.530000686645508
2022-08-15,89.41000366210938,2.7909998893737793,19.950000762939453
2022-08-16,86.52999877929688,2.8239998817443848,19.690000534057617
2022-08-17,88.11000061035156,2.8929998874664307,19.899999618530273
2022-08-18,90.5,2.880000114440918,19.559999465942383
2022-08-19,90.7699966430664,2.989000082015991,20.600000381469727
2022-08-22,90.2300033569336,3.0369999408721924,23.799999237060547
2022-08-23,93.73999786376953,3.053999900817871,24.110000610351562
2022-08-24,94.88999938964844,3.1059999465942383,22.81999969482422
2022-08-25,92.5199966430664,3.0260000228881836,21.780000686645508
2022-08-26,93.05999755859375,3.0350000858306885,25.559999465942383
2022-08-29,97.01000213623047,3.109999895095825,26.209999084472656
2022-08-30,91.63999938964844,3.109999895095825,26.209999084472656
2022-08-31,89.55000305175781,3.132999897003174,25.8700008392334
2022-09-01,86.61000061035156,3.265000104904175,25.559999465942383
2022-09-02,86.87000274658203,3.193000078201294,25.469999313354492
2022-09-06,86.87999725341797,3.3399999141693115,26.90999984741211
2022-09-07,81.94000244140625,3.265000104904175,24.639999389648438
2022-09-08,83.54000091552734,3.2920000553131104,23.610000610351562
2022-09-09,86.79000091552734,3.321000099182129,22.790000915527344
2022-09-12,87.77999877929688,3.361999988555908,23.8700008392334
2022-09-13,87.30999755859375,3.421999931335449,27.270000457763672
2022-09-14,88.4800033569336,3.4119999408721924,26.15999984741211
2022-09-15,85.0999984741211,3.4590001106262207,26.270000457763672
2022-09-16,85.11000061035156,3.447999954223633,26.299999237060547
2022-09-19,85.7300033569336,3.490000009536743,25.760000228881836
2022-09-20,84.44999694824219,3.571000099182129,27.15999984741211
2022-09-21,82.94000244140625,3.509999990463257,27.989999771118164
2022-09-22,83.48999786376953,3.7079999446868896,27.350000381469727
2022-09-23,78.73999786376953,3.697000026702881,29.920000076293945
2022-09-26,76.70999908447266,3.878000020980835,32.2599983215332
2022-09-27,78.5,3.9639999866485596,32.599998474121094
2022-09-28,82.1500015258789,3.7049999237060547,30.18000030517578
2022-09-29,81.2300033569336,3.746999979019165,31.84000015258789
2022-09-30,79.48999786376953,3.803999900817871,31.6200008392334
2022-10-03,83.62999725341797,3.6510000228881836,30.100000381469727
2022-10-04,86.5199966430664,3.617000102996826,29.06999969482422
2022-10-05,87.76000213623047,3.759000062942505,28.549999237060547
2022-10-06,88.44999694824219,3.8259999752044678,30.520000457763672
2022-10-07,92.63999938964844,3.882999897003174,31.360000610351562
2022-10-10,91.12999725341797,3.888000011444092,32.45000076293945
2022-10-11,89.3499984741211,3.938999891281128,33.630001068115234
2022-10-12,87.2699966430664,3.9019999504089355,33.56999969482422
2022-10-13,89.11000061035156,3.9519999027252197,31.940000534057617
2022-10-14,85.61000061035156,4.010000228881836,32.02000045776367
2022-10-17,85.45999908447266,4.014999866485596,31.3700008392334
2022-10-18,82.81999969482422,3.997999906539917,30.5
2022-10-19,85.55000305175781,4.126999855041504,30.760000228881836
2022-10-20,85.9800033569336,4.22599983215332,29.979999542236328
2022-10-21,85.05000305175781,4.2129998207092285,29.690000534057617
2022-10-24,84.58000183105469,4.234000205993652,29.850000381469727
2022-10-25,85.31999969482422,4.107999801635742,28.459999084472656
2022-10-26,87.91000366210938,4.014999866485596,27.280000686645508
2022-10-27,89.08000183105469,3.937000036239624,27.389999389648438
2022-10-28,87.9000015258789,4.010000228881836,25.75
2022-10-31,86.52999877929688,4.077000141143799,25.8799991607666
2022-11-01,88.37000274658203,4.052000045776367,25.809999465942383
2022-11-02,90.0,4.059000015258789,25.860000610351562
2022-11-03,88.16999816894531,4.124000072479248,25.299999237060547
2022-11-04,92.61000061035156,4.156000137329102,24.549999237060547
2022-11-07,91.79000091552734,4.214000225067139,24.350000381469727
2022-11-08,88.91000366210938,4.125999927520752,25.540000915527344
2022-11-09,85.83000183105469,4.151000022888184,26.09000015258789
2022-11-10,86.47000122070312,3.8289999961853027,23.530000686645508
2022-11-11,88.95999908447266,3.812999963760376,22.520000457763672
2022-11-14,85.87000274658203,3.865000009536743,23.729999542236328
2022-11-15,86.91999816894531,3.7990000247955322,24.540000915527344
2022-11-16,85.58999633789062,3.691999912261963,24.110000610351562
2022-11-17,81.63999938964844,3.7750000953674316,23.93000030517578
2022-11-18,80.08000183105469,3.818000078201294,23.1200008392334
2022-11-21,79.7300033569336,3.825000047683716,22.360000610351562
2022-11-22,80.94999694824219,3.757999897003174,21.290000915527344
2022-11-23,77.94000244140625,3.7060000896453857,20.350000381469727
2022-11-25,76.27999877929688,3.690999984741211,20.5
2022-11-28,77.23999786376953,3.703000068664551,22.209999084472656
2022-11-29,78.19999694824219,3.747999906539917,21.889999389648438
2022-11-30,80.55000305175781,3.703000068664551,20.579999923706055
2022-12-01,81.22000122070312,3.5290000438690186,19.84000015258789
2022-12-02,79.9800033569336,3.50600004196167,19.059999465942383
2022-12-05,76.93000030517578,3.5989999771118164,20.75
2022-12-06,74.25,3.513000011444092,22.170000076293945
2022-12-07,72.01000213623047,3.4079999923706055,22.68000030517578
2022-12-08,71.45999908447266,3.490999937057495,22.290000915527344
2022-12-09,71.0199966430664,3.566999912261963,22.829999923706055
2022-12-12,73.16999816894531,3.6110000610351562,25.0
2022-12-13,75.38999938964844,3.500999927520752,22.549999237060547
2022-12-14,77.27999877929688,3.503000020980835,21.139999389648438
2022-12-15,76.11000061035156,3.450000047683716,22.829999923706055
2022-12-16,74.29000091552734,3.4820001125335693,22.6200008392334
2022-12-19,75.19000244140625,3.5810000896453857,22.420000076293945
2022-12-20,76.08999633789062,3.684000015258789,21.479999542236328
2022-12-21,78.29000091552734,3.684000015258789,20.06999969482422
2022-12-22,77.48999786376953,3.6689999103546143,21.969999313354492
2022-12-23,79.55999755859375,3.750999927520752,20.8700008392334
2022-12-27,79.52999877929688,3.859999895095825,21.649999618530273
2022-12-28,78.95999908447266,3.88700008392334,22.139999389648438
2022-12-29,78.4000015258789,3.8350000381469727,21.440000534057617
2022-12-30,80.26000213623047,3.878999948501587,21.670000076293945
2023-01-03,76.93000030517578,3.7929999828338623,22.899999618530273
2023-01-04,72.83999633789062,3.7090001106262207,22.010000228881836
2023-01-05,73.66999816894531,3.7200000286102295,22.459999084472656
2023-01-06,73.7699966430664,3.569000005722046,21.1299991607666
2023-01-09,74.62999725341797,3.5169999599456787,21.969999313354492
2023-01-10,75.12000274658203,3.621000051498413,20.579999923706055
2023-01-11,77.41000366210938,3.553999900817871,21.09000015258789
2023-01-12,78.38999938964844,3.4489998817443848,18.829999923706055
2023-01-13,79.86000061035156,3.510999917984009,18.350000381469727
2023-01-17,80.18000030517578,3.5350000858306885,19.360000610351562
2023-01-18,79.4800033569336,3.375,20.34000015258789
2023-01-19,80.33000183105469,3.3970000743865967,20.520000457763672
2023-01-20,81.30999755859375,3.4839999675750732,19.850000381469727
2023-01-23,81.62000274658203,3.5250000953674316,19.809999465942383
2023-01-24,80.12999725341797,3.4690001010894775,19.200000762939453
2023-01-25,80.1500015258789,3.4619998931884766,19.079999923706055
2023-01-26,81.01000213623047,3.493000030517578,18.729999542236328
2023-01-27,79.68000030517578,3.5179998874664307,18.510000228881836
2023-01-30,77.9000015258789,3.5510001182556152,19.940000534057617
2023-01-31,78.87000274658203,3.5290000438690186,19.399999618530273
2023-02-01,76.41000366210938,3.3970000743865967,17.8700008392334
2023-02-02,75.87999725341797,3.3959999084472656,18.729999542236328
2023-02-03,73.38999938964844,3.5320000648498535,18.329999923706055
2023-02-06,74.11000061035156,3.634000062942505,19.43000030517578
2023-02-07,77.13999938964844,3.6740000247955322,18.65999984741211
2023-02-08,78.47000122070312,3.6530001163482666,19.6299991607666
2023-02-09,78.05999755859375,3.683000087738037,20.709999084472656
2023-02-10,79.72000122070312,3.74399995803833,20.530000686645508
2023-02-13,80.13999938964844,3.7170000076293945,20.34000015258789
2023-02-14,79.05999755859375,3.760999917984009,18.90999984741211
2023-02-15,78.58999633789062,3.809000015258789,18.229999542236328
2023-02-16,78.48999786376953,3.8429999351501465,20.170000076293945
2023-02-17,76.33999633789062,3.828000068664551,20.020000457763672
2023-02-21,76.16000366210938,3.9549999237060547,22.8700008392334
2023-02-22,73.94999694824219,3.9230000972747803,22.290000915527344
2023-02-23,75.38999938964844,3.878999948501587,21.139999389648438
2023-02-24,76.31999969482422,3.9489998817443848,21.670000076293945
2023-02-27,75.68000030517578,3.921999931335449,20.950000762939453
2023-02-28,77.05000305175781,3.9159998893737793,20.700000762939453
2023-03-01,77.69000244140625,3.99399995803833,20.579999923706055
2023-03-02,78.16000366210938,4.072999954223633,19.59000015258789
2023-03-03,79.68000030517578,3.9639999866485596,18.489999771118164
2023-03-06,80.45999908447266,3.9830000400543213,18.610000610351562
2023-03-07,77.58000183105469,3.9749999046325684,19.59000015258789
2023-03-08,76.66000366210938,3.9760000705718994,19.110000610351562
2023-03-09,75.72000122070312,3.924999952316284,22.610000610351562
2023-03-10,76.68000030517578,3.694999933242798,24.799999237060547
2023-03-13,74.80000305175781,3.515000104904175,26.520000457763672
2023-03-14,71.33000183105469,3.638000011444092,23.729999542236328
2023-03-15,67.61000061035156,3.492000102996826,26.139999389648438
2023-03-16,68.3499984741211,3.5850000381469727,22.989999771118164
2023-03-17,66.73999786376953,3.3949999809265137,25.510000228881836
2023-03-20,67.63999938964844,3.4809999465942383,24.149999618530273
2023-03-21,69.33000183105469,3.6059999465942383,21.3799991607666
2023-03-22,70.9000015258789,3.5,22.260000228881836
2023-03-23,69.95999908447266,3.4059998989105225,22.610000610351562
2023-03-24,69.26000213623047,3.380000114440918,21.739999771118164
2023-03-27,72.80999755859375,3.5280001163482666,20.600000381469727
2023-03-28,73.19999694824219,3.563999891281128,19.969999313354492
2023-03-29,72.97000122070312,3.565999984741211,19.1200008392334
2023-03-30,74.37000274658203,3.5510001182556152,19.020000457763672
2023-03-31,75.66999816894531,3.49399995803833,18.700000762939453
2023-04-03,80.41999816894531,3.430000066757202,18.549999237060547
2023-04-04,80.70999908447266,3.3369998931884766,19.0
2023-04-05,80.61000061035156,3.2869999408721924,19.079999923706055
2023-04-06,80.69999694824219,3.2880001068115234,18.399999618530273
2023-04-10,79.73999786376953,3.4149999618530273,18.969999313354492
2023-04-11,81.52999877929688,3.434000015258789,19.100000381469727
2023-04-12,83.26000213623047,3.4210000038146973,19.09000015258789
2023-04-13,82.16000366210938,3.4519999027252197,17.799999237060547
2023-04-14,82.5199966430664,3.5220000743865967,17.06999969482422
2023-04-17,80.83000183105469,3.5910000801086426,16.950000762939453
2023-04-18,80.86000061035156,3.572000026702881,16.829999923706055
2023-04-19,79.16000366210938,3.6019999980926514,16.459999084472656
2023-04-20,77.29000091552734,3.5450000762939453,17.170000076293945
2023-04-21,77.87000274658203,3.569999933242798,16.770000457763672
2023-04-24,78.76000213623047,3.515000104904175,16.889999389648438
2023-04-25,77.06999969482422,3.3959999084472656,18.760000228881836
2023-04-26,74.30000305175781,3.431999921798706,18.84000015258789
2023-04-27,74.76000213623047,3.5280001163482666,17.030000686645508
2023-04-28,76.77999877929688,3.4519999027252197,15.779999732971191
2023-05-01,75.66000366210938,3.5739998817443848,16.079999923706055
2023-05-02,71.66000366210938,3.438999891281128,17.780000686645508
2023-05-03,68.5999984741211,3.4030001163482666,18.34000015258789
2023-05-04,68.55999755859375,3.3510000705718994,20.09000015258789
2023-05-05,71.33999633789062,3.446000099182129,17.190000534057617
2023-05-08,73.16000366210938,3.5209999084472656,16.979999542236328
2023-05-09,73.70999908447266,3.5209999084472656,17.709999084472656
2023-05-10,72.55999755859375,3.438999891281128,16.940000534057617
2023-05-11,70.87000274658203,3.3970000743865967,16.93000030517578
2023-05-12,70.04000091552734,3.4630000591278076,17.030000686645508
2023-05-15,71.11000061035156,3.507999897003174,17.1200008392334
2023-05-16,70.86000061035156,3.5490000247955322,17.989999771118164
2023-05-17,72.83000183105469,3.5810000896453857,16.8700008392334
2023-05-18,71.86000061035156,3.6480000019073486,16.049999237060547
2023-05-19,71.55000305175781,3.691999912261963,16.809999465942383
2023-05-22,71.98999786376953,3.7190001010894775,17.209999084472656
2023-05-23,72.91000366210938,3.697999954223633,18.530000686645508
2023-05-24,74.33999633789062,3.7190001010894775,20.030000686645508
2023-05-25,71.83000183105469,3.813999891281128,19.139999389648438
2023-05-26,72.66999816894531,3.809999942779541,17.950000762939453
2023-05-30,69.45999908447266,3.700000047683716,17.459999084472656
2023-05-31,68.08999633789062,3.63700008392334,17.940000534057617
2023-06-01,70.0999984741211,3.6080000400543213,15.649999618530273
2023-06-02,71.73999786376953,3.690999984741211,14.600000381469727
2023-06-05,72.1500015258789,3.693000078201294,14.729999542236328
2023-06-06,71.73999786376953,3.6989998817443848,13.960000038146973
2023-06-07,72.52999877929688,3.7839999198913574,13.9399995803833
2023-06-08,71.29000091552734,3.7139999866485596,13.649999618530273
2023-06-09,70.16999816894531,3.744999885559082,13.829999923706055
2023-06-12,67.12000274658203,3.765000104904175,15.010000228881836
2023-06-13,69.41999816894531,3.8389999866485596,14.609999656677246
2023-06-14,68.2699966430664,3.7960000038146973,13.880000114440918
2023-06-15,70.62000274658203,3.7279999256134033,14.5
2023-06-16,71.77999877929688,3.7690000534057617,13.539999961853027
2023-06-20,70.5,3.7290000915527344,13.880000114440918
2023-06-21,72.52999877929688,3.7230000495910645,13.199999809265137
2023-06-22,69.51000213623047,3.7990000247955322,12.90999984741211
2023-06-23,69.16000366210938,3.739000082015991,13.4399995803833
2023-06-26,69.37000274658203,3.7190001010894775,14.25
2023-06-27,67.69999694824219,3.7679998874664307,13.739999771118164
2023-06-28,69.55999755859375,3.7100000381469727,13.430000305175781
2023-06-29,69.86000061035156,3.8540000915527344,13.539999961853027
2023-06-30,70.63999938964844,3.819000005722046,13.59000015258789
2023-07-03,69.79000091552734,3.8580000400543213,13.569999694824219
2023-07-05,71.79000091552734,3.944999933242798,14.180000305175781
2023-07-06,71.80000305175781,4.040999889373779,15.4399995803833
2023-07-07,73.86000061035156,4.050000190734863,14.829999923706055
2023-07-10,72.98999786376953,4.00600004196167,15.069999694824219
2023-07-11,74.83000183105469,3.9800000190734863,14.84000015258789
2023-07-12,75.75,3.8610000610351562,13.539999961853027
2023-07-13,76.88999938964844,3.760999917984009,13.609999656677246
2023-07-14,75.41999816894531,3.819000005722046,13.34000015258789
2023-07-17,74.1500015258789,3.796999931335449,13.479999542236328
2023-07-18,75.75,3.7890000343322754,13.300000190734863
2023-07-19,75.3499984741211,3.742000102996826,13.760000228881836
2023-07-20,75.62999725341797,3.8540000915527344,13.989999771118164
2023-07-21,77.06999969482422,3.8369998931884766,13.600000381469727
2023-07-24,78.73999786376953,3.8570001125335693,13.90999984741211
2023-07-25,79.62999725341797,3.9119999408721924,13.859999656677246
2023-07-26,78.77999877929688,3.8510000705718994,13.1899995803833
2023-07-27,80.08999633789062,4.01200008392334,14.40999984741211
2023-07-28,80.58000183105469,3.9690001010894775,13.329999923706055
2023-07-31,81.80000305175781,3.9590001106262207,13.630000114440918
2023-08-01,81.37000274658203,4.051000118255615,13.930000305175781
2023-08-02,79.48999786376953,4.078000068664551,16.09000015258789
2023-08-03,81.55000305175781,4.189000129699707,15.920000076293945
2023-08-04,82.81999969482422,4.059999942779541,17.100000381469727
2023-08-07,81.94000244140625,4.078000068664551,15.770000457763672
2023-08-08,82.91999816894531,4.026000022888184,15.989999771118164
2023-08-09,84.4000015258789,4.01200008392334,15.960000038146973
2023-08-10,82.81999969482422,4.079999923706055,15.850000381469727
2023-08-11,83.19000244140625,4.168000221252441,14.84000015258789
2023-08-14,82.51000213623047,4.184000015258789,14.819999694824219
2023-08-15,80.98999786376953,4.2210001945495605,16.459999084472656
2023-08-16,79.37999725341797,4.257999897003174,16.780000686645508
2023-08-17,80.38999938964844,4.308000087738037,17.889999389648438
2023-08-18,81.25,4.250999927520752,17.299999237060547
2023-08-21,80.72000122070312,4.3420000076293945,17.1299991607666
2023-08-22,80.3499984741211,4.328000068664551,16.969999313354492
2023-08-23,78.88999938964844,4.197999954223633,15.979999542236328
2023-08-24,79.05000305175781,4.235000133514404,17.200000762939453
2023-08-25,79.83000183105469,4.238999843597412,15.680000305175781
2023-08-28,80.0999984741211,4.211999893188477,15.079999923706055
2023-08-29,81.16000366210938,4.122000217437744,14.449999809265137
2023-08-30,81.62999725341797,4.118000030517578,13.880000114440918
2023-08-31,83.62999725341797,4.0929999351501465,13.569999694824219
2023-09-01,85.55000305175781,4.172999858856201,13.09000015258789
2023-09-05,86.69000244140625,4.26800012588501,14.010000228881836
2023-09-06,87.54000091552734,4.289999961853027,14.449999809265137
2023-09-07,86.87000274658203,4.260000228881836,14.399999618530273
2023-09-08,87.51000213623047,4.257999897003174,13.84000015258789
2023-09-11,87.29000091552734,4.288000106811523,13.800000190734863
2023-09-12,88.83999633789062,4.263999938964844,14.229999542236328
2023-09-13,88.5199966430664,4.249000072479248,13.479999542236328
2023-09-14,90.16000366210938,4.288000106811523,12.819999694824219
2023-09-15,90.7699966430664,4.322000026702881,13.789999961853027
2023-09-18,91.4800033569336,4.318999767303467,14.0
2023-09-19,91.19999694824219,4.364999771118164,14.109999656677246
2023-09-20,90.27999877929688,4.348999977111816,15.140000343322754
2023-09-21,89.62999725341797,4.480000019073486,17.540000915527344
2023-09-22,90.02999877929688,4.438000202178955,17.200000762939453
2023-09-25,89.68000030517578,4.541999816894531,16.899999618530273
2023-09-26,90.38999938964844,4.558000087738037,18.940000534057617
2023-09-27,93.68000030517578,4.625999927520752,18.219999313354492
2023-09-28,91.70999908447266,4.5970001220703125,17.34000015258789
2023-09-29,90.79000091552734,4.572999954223633,17.520000457763672
2023-10-02,88.81999969482422,4.683000087738037,17.610000610351562
2023-10-03,89.2300033569336,4.802000045776367,19.780000686645508
2023-10-04,84.22000122070312,4.735000133514404,18.579999923706055
2023-10-05,82.30999755859375,4.7170000076293945,18.489999771118164
2023-10-06,82.79000091552734,4.783999919891357,17.450000762939453
2023-10-09,86.37999725341797,4.796999931335449,17.700000762939453
2023-10-10,85.97000122070312,4.65500020980835,17.030000686645508
2023-10-11,83.48999786376953,4.59499979019165,16.09000015258789
2023-10-12,82.91000366210938,4.711999893188477,16.690000534057617
2023-10-13,87.69000244140625,4.629000186920166,19.31999969482422
2023-10-16,86.66000366210938,4.711999893188477,17.209999084472656
2023-10-17,86.66000366210938,4.8470001220703125,17.8799991607666
2023-10-18,88.31999969482422,4.9039998054504395,19.219999313354492
2023-10-19,89.37000274658203,4.98799991607666,21.399999618530273
2023-10-20,88.75,4.923999786376953,21.709999084472656
2023-10-23,85.48999786376953,4.8379998207092285,20.3700008392334
2023-10-24,83.73999786376953,4.840000152587891,18.969999313354492
2023-10-25,85.38999938964844,4.953000068664551,20.190000534057617
2023-10-26,83.20999908447266,4.84499979019165,20.68000030517578
2023-10-27,85.54000091552734,4.84499979019165,21.270000457763672
2023-10-30,82.30999755859375,4.875,19.75
2023-10-31,81.0199966430664,4.875,18.139999389648438
2023-11-01,80.44000244140625,4.789000034332275,16.8700008392334
2023-11-02,82.45999908447266,4.669000148773193,15.65999984741211
2023-11-03,80.51000213623047,4.558000087738037,14.90999984741211
2023-11-06,80.81999969482422,4.6620001792907715,14.890000343322754
2023-11-07,77.37000274658203,4.571000099182129,14.8100004196167
2023-11-08,75.33000183105469,4.5229997634887695,14.449999809265137
2023-11-09,75.73999786376953,4.630000114440918,15.289999961853027
2023-11-10,77.16999816894531,4.627999782562256,14.170000076293945
2023-11-13,78.26000213623047,4.631999969482422,14.760000228881836
2023-11-14,78.26000213623047,4.440999984741211,14.15999984741211
2023-11-15,76.66000366210938,4.534999847412109,14.180000305175781
2023-11-16,72.9000015258789,4.445000171661377,14.319999694824219
2023-11-17,75.88999938964844,4.440999984741211,13.800000190734863
2023-11-20,77.5999984741211,4.421999931335449,13.40999984741211
2023-11-21,77.7699966430664,4.418000221252441,13.350000381469727
2023-11-22,77.0999984741211,4.415999889373779,12.850000381469727
2023-11-24,75.54000091552734,4.4720001220703125,12.460000038146973
2023-11-27,74.86000061035156,4.388999938964844,12.6899995803833
2023-11-28,76.41000366210938,4.335999965667725,12.6899995803833
2023-11-29,77.86000061035156,4.270999908447266,12.979999542236328
2023-11-30,75.95999908447266,4.3520002365112305,12.920000076293945
2023-12-01,74.06999969482422,4.22599983215332,12.630000114440918
2023-12-04,73.04000091552734,4.288000106811523,13.079999923706055
2023-12-05,72.31999969482422,4.171000003814697,12.850000381469727
2023-12-06,69.37999725341797,4.120999813079834,12.970000267028809
2023-12-07,69.33999633789062,4.129000186920166,13.0600004196167
2023-12-08,71.2300033569336,4.244999885559082,12.350000381469727
2023-12-11,71.31999969482422,4.238999843597412,12.630000114440918
2023-12-12,68.61000061035156,4.205999851226807,12.069999694824219
2023-12-13,69.47000122070312,4.0329999923706055,12.1899995803833
2023-12-14,71.58000183105469,3.930000066757202,12.479999542236328
2023-12-15,71.43000030517578,3.927999973297119,12.279999732971191
2023-12-18,72.47000122070312,3.9539999961853027,12.5600004196167
2023-12-19,73.44000244140625,3.921999931335449,12.529999732971191
2023-12-20,74.22000122070312,3.877000093460083,13.670000076293945
2023-12-21,73.88999938964844,3.8940000534057617,13.649999618530273
2023-12-22,73.55999755859375,3.9010000228881836,13.029999732971191
2023-12-26,75.56999969482422,3.885999917984009,12.989999771118164
2023-12-27,74.11000061035156,3.7890000343322754,12.430000305175781
2023-12-28,71.7699966430664,3.8499999046325684,12.470000267028809
2023-12-29,71.6500015258789,3.865999937057495,12.449999809265137
2024-01-02,70.37999725341797,3.946000099182129,13.199999809265137
2024-01-03,72.69999694824219,3.9070000648498535,14.039999961853027
2024-01-04,72.19000244140625,3.990999937057495,14.130000114440918
2024-01-05,73.80999755859375,4.041999816894531,13.350000381469727
2024-01-08,70.7699966430664,4.001999855041504,13.079999923706055
2024-01-09,72.23999786376953,4.019000053405762,12.760000228881836
2024-01-10,71.37000274658203,4.03000020980835,12.6899995803833
2024-01-11,72.0199966430664,3.9769999980926514,12.4399995803833
2024-01-12,72.68000030517578,3.950000047683716,12.699999809265137
2024-01-16,72.4000015258789,4.065999984741211,13.84000015258789
2024-01-17,72.55999755859375,4.105999946594238,14.789999961853027
2024-01-18,74.08000183105469,4.144000053405762,14.130000114440918
2024-01-19,73.41000366210938,4.145999908447266,13.300000190734863
2024-01-22,75.19000244140625,4.093999862670898,13.1899995803833
2024-01-23,74.37000274658203,4.142000198364258,12.550000190734863
2024-01-24,75.08999633789062,4.177999973297119,13.140000343322754
2024-01-25,77.36000061035156,4.131999969482422,13.449999809265137
2024-01-26,78.01000213623047,4.159999847412109,13.260000228881836
2024-01-29,76.77999877929688,4.091000080108643,13.600000381469727
2024-01-30,77.81999969482422,4.059000015258789,13.3100004196167
2024-01-31,75.8499984741211,3.9670000076293945,14.350000381469727
2024-02-01,73.81999969482422,3.86299991607666,13.880000114440918
2024-02-02,72.27999877929688,4.0329999923706055,13.850000381469727
2024-02-05,72.77999877929688,4.164000034332275,13.670000076293945
2024-02-06,73.30999755859375,4.090000152587891,13.0600004196167
2024-02-07,73.86000061035156,4.110000133514404,12.829999923706055
2024-02-08,76.22000122070312,4.170000076293945,12.789999961853027
2024-02-09,76.83999633789062,4.186999797821045,12.930000305175781
2024-02-12,76.91999816894531,4.171999931335449,13.930000305175781
2024-02-13,77.87000274658203,4.315999984741211,15.850000381469727
2024-02-14,76.63999938964844,4.267000198364258,14.380000114440918
2024-02-15,78.02999877929688,4.239999771118164,14.010000228881836
2024-02-16,79.19000244140625,4.295000076293945,14.239999771118164
2024-02-20,78.18000030517578,4.275000095367432,15.420000076293945
2024-02-21,77.91000366210938,4.324999809265137,15.34000015258789
2024-02-22,78.61000061035156,4.327000141143799,14.539999961853027
2024-02-23,76.48999786376953,4.260000228881836,13.75
2024-02-26,77.58000183105469,4.298999786376953,13.739999771118164
2024-02-27,78.87000274658203,4.315000057220459,13.430000305175781
2024-02-28,78.54000091552734,4.27400016784668,13.84000015258789
2024-02-29,78.26000213623047,4.251999855041504,13.399999618530273
2024-03-01,79.97000122070312,4.179999828338623,13.109999656677246
2024-03-04,78.73999786376953,4.218999862670898,13.489999771118164
2024-03-05,78.1500015258789,4.13700008392334,14.460000038146973
2024-03-06,79.12999725341797,4.104000091552734,14.5
2024-03-07,78.93000030517578,4.0920000076293945,14.4399995803833
2024-03-08,78.01000213623047,4.089000225067139,14.739999771118164
2024-03-11,77.93000030517578,4.104000091552734,15.220000267028809
2024-03-12,77.55999755859375,4.15500020980835,13.84000015258789
2024-03-13,79.72000122070312,4.191999912261963,13.75
2024-03-14,81.26000213623047,4.297999858856201,14.399999618530273
2024-03-15,81.04000091552734,4.303999900817871,14.40999984741211
2024-03-18,82.72000122070312,4.340000152587891,14.329999923706055
2024-03-19,83.47000122070312,4.296999931335449,13.819999694824219
2024-03-20,81.68000030517578,4.2729997634887695,13.039999961853027
2024-03-21,81.06999969482422,4.270999908447266,12.920000076293945
2024-03-22,80.62999725341797,4.2179999351501465,13.0600004196167
2024-03-25,81.94999694824219,4.252999782562256,13.1899995803833
2024-03-26,81.62000274658203,4.234000205993652,13.239999771118164
2024-03-27,81.3499984741211,4.196000099182129,12.779999732971191
2024-03-28,83.16999816894531,4.205999851226807,13.010000228881836
2024-04-01,83.70999908447266,4.328999996185303,13.649999618530273
2024-04-02,85.1500015258789,4.364999771118164,14.609999656677246
2024-04-03,85.43000030517578,4.355000019073486,14.329999923706055
2024-04-04,86.58999633789062,4.309000015258789,16.350000381469727
2024-04-05,86.91000366210938,4.377999782562256,16.030000686645508
2024-04-08,86.43000030517578,4.423999786376953,15.1899995803833
2024-04-09,85.2300033569336,4.366000175476074,14.979999542236328
2024-04-10,86.20999908447266,4.559999942779541,15.800000190734863
2024-04-11,85.0199966430664,4.576000213623047,14.90999984741211
2024-04-12,85.66000366210938,4.499000072479248,17.309999465942383
2024-04-15,85.41000366210938,4.627999782562256,19.229999542236328
2024-04-16,85.36000061035156,4.658999919891357,18.399999618530273
2024-04-17,82.69000244140625,4.585000038146973,18.209999084472656
2024-04-18,82.7300033569336,4.646999835968018,18.0
2024-04-19,83.13999938964844,4.614999771118164,18.709999084472656
2024-04-22,82.8499984741211,4.623000144958496,16.940000534057617
2024-04-23,83.36000061035156,4.5980000495910645,15.6899995803833
2024-04-24,82.80999755859375,4.6519999504089355,15.970000267028809
2024-04-25,83.56999969482422,4.705999851226807,15.369999885559082
2024-04-26,83.8499984741211,4.669000148773193,15.029999732971191
2024-04-29,82.62999725341797,4.613999843597412,14.670000076293945
2024-04-30,81.93000030517578,4.685999870300293,15.649999618530273
2024-05-01,79.0,4.59499979019165,15.390000343322754
2024-05-02,78.94999694824219,4.571000099182129,14.680000305175781
2024-05-03,78.11000061035156,4.5,13.489999771118164
2024-05-06,78.4800033569336,4.488999843597412,13.489999771118164
2024-05-07,78.37999725341797,4.4629998207092285,13.229999542236328
2024-05-08,78.98999786376953,4.492000102996826,13.0
2024-05-09,79.26000213623047,4.448999881744385,12.6899995803833
2024-05-10,78.26000213623047,4.504000186920166,12.550000190734863
2024-05-13,79.12000274658203,4.480999946594238,13.600000381469727
2024-05-14,78.0199966430664,4.445000171661377,13.420000076293945
2024-05-15,78.62999725341797,4.355999946594238,12.449999809265137
2024-05-16,79.2300033569336,4.376999855041504,12.420000076293945
2024-05-17,80.05999755859375,4.420000076293945,11.989999771118164
2024-05-20,79.80000305175781,4.436999797821045,12.149999618530273
2024-05-21,79.26000213623047,4.414000034332275,11.859999656677246
2024-05-22,77.56999969482422,4.434000015258789,12.289999961853027
2024-05-23,76.87000274658203,4.474999904632568,12.770000457763672
2024-05-24,77.72000122070312,4.4670000076293945,11.930000305175781
2024-05-28,79.83000183105469,4.541999816894531,12.920000076293945
2024-05-29,79.2300033569336,4.624000072479248,14.279999732971191
2024-05-30,77.91000366210938,4.553999900817871,14.470000267028809
2024-05-31,76.98999786376953,4.513999938964844,12.920000076293945
2024-06-03,74.22000122070312,4.4019999504089355,13.109999656677246
2024-06-04,73.25,4.335999965667725,13.15999984741211
2024-06-05,74.06999969482422,4.289000034332275,12.630000114440918
2024-06-06,75.55000305175781,4.281000137329102,12.579999923706055
2024-06-07,75.52999877929688,4.429999828338623,12.220000267028809
2024-06-10,77.73999786376953,4.468999862670898,12.739999771118164
2024-06-11,77.9000015258789,4.4039998054504395,12.850000381469727
2024-06-12,78.5,4.295000076293945,12.039999961853027
2024-06-13,78.62000274658203,4.23799991607666,11.9399995803833
2024-06-14,78.44999694824219,4.2129998207092285,12.65999984741211
2024-06-17,80.33000183105469,4.2789998054504395,12.75
2024-06-18,81.56999969482422,4.2170000076293945,12.300000190734863
2024-06-20,82.16999816894531,4.254000186920166,13.279999732971191
2024-06-21,80.7300033569336,4.256999969482422,13.199999809265137
2024-06-24,81.62999725341797,4.248000144958496,13.329999923706055
2024-06-25,80.83000183105469,4.23799991607666,12.84000015258789
2024-06-26,80.9000015258789,4.315999984741211,12.550000190734863
2024-06-27,81.73999786376953,4.288000106811523,12.239999771118164
2024-06-28,81.54000091552734,4.3429999351501465,12.4399995803833
2024-07-01,83.37999725341797,4.479000091552734,12.220000267028809
2024-07-02,82.80999755859375,4.435999870300293,12.029999732971191
2024-07-03,83.87999725341797,4.355000019073486,12.09000015258789
2024-07-05,83.16000366210938,4.271999835968018,12.479999542236328
2024-07-08,82.33000183105469,4.269000053405762,12.369999885559082
2024-07-09,81.41000366210938,4.300000190734863,12.510000228881836
2024-07-10,82.0999984741211,4.28000020980835,12.850000381469727
2024-07-11,82.62000274658203,4.192999839782715,12.920000076293945
2024-07-12,82.20999908447266,4.189000129699707,12.460000038146973
2024-07-15,81.91000366210938,4.229000091552734,13.119999885559082
2024-07-16,80.76000213623047,4.166999816894531,13.1899995803833
2024-07-17,82.8499984741211,4.145999908447266,14.479999542236328
2024-07-18,82.81999969482422,4.189000129699707,15.930000305175781
2024-07-19,80.12999725341797,4.238999843597412,16.520000457763672
2024-07-22,79.77999877929688,4.260000228881836,14.90999984741211
2024-07-23,76.95999908447266,4.238999843597412,14.720000267028809
2024-07-24,77.58999633789062,4.285999774932861,18.040000915527344
2024-07-25,78.27999877929688,4.25600004196167,18.459999084472656
2024-07-26,77.16000366210938,4.199999809265137,16.389999389648438
2024-07-29,75.80999755859375,4.177999973297119,16.600000381469727
2024-07-30,74.7300033569336,4.14300012588501,17.690000534057617
2024-07-31,77.91000366210938,4.109000205993652,16.360000610351562
2024-08-01,76.30999755859375,3.9760000705718994,18.59000015258789
2024-08-02,73.5199966430664,3.7920000553131104,23.389999389648438
2024-08-05,72.94000244140625,3.7850000858306885,38.56999969482422
2024-08-06,73.19999694824219,3.888000011444092,27.709999084472656
2024-08-07,75.2300033569336,3.9679999351501465,27.850000381469727
2024-08-08,76.19000244140625,3.996999979019165,23.790000915527344
2024-08-09,76.83999633789062,3.941999912261963,20.3700008392334
2024-08-12,80.05999755859375,3.9089999198913574,20.709999084472656
2024-08-13,78.3499984741211,3.8519999980926514,18.1200008392334
2024-08-14,76.9800033569336,3.819999933242798,16.190000534057617
2024-08-15,78.16000366210938,3.9260001182556152,15.229999542236328
2024-08-16,76.6500015258789,3.8919999599456787,14.800000190734863
2024-08-19,74.37000274658203,3.867000102996826,14.649999618530273
2024-08-20,74.04000091552734,3.818000078201294,15.880000114440918
2024-08-21,71.93000030517578,3.7780001163482666,16.270000457763672
2024-08-22,73.01000213623047,3.861999988555908,17.549999237060547
2024-08-23,74.83000183105469,3.806999921798706,15.859999656677246
2024-08-26,77.41999816894531,3.818000078201294,16.149999618530273
2024-08-27,75.52999877929688,3.8329999446868896,15.430000305175781
2024-08-28,74.5199966430664,3.8410000801086426,17.110000610351562
2024-08-29,75.91000366210938,3.867000102996826,15.649999618530273
2024-08-30,73.55000305175781,3.9110000133514404,15.0
2024-09-03,70.33999633789062,3.8440001010894775,20.719999313354492
2024-09-04,69.19999694824219,3.7679998874664307,21.31999969482422
2024-09-05,69.1500015258789,3.7309999465942383,19.899999618530273
2024-09-06,67.66999816894531,3.7100000381469727,22.3799991607666
2024-09-09,68.70999908447266,3.697000026702881,19.450000762939453
2024-09-10,65.75,3.6459999084472656,19.079999923706055
2024-09-11,67.30999755859375,3.6530001163482666,17.690000534057617
2024-09-12,68.97000122070312,3.680000066757202,17.06999969482422
2024-09-13,68.6500015258789,3.6500000953674316,16.559999465942383
2024-09-16,70.08999633789062,3.621000051498413,17.139999389648438
2024-09-17,71.19000244140625,3.6419999599456787,17.610000610351562
2024-09-18,70.91000366210938,3.684999942779541,18.229999542236328
2024-09-19,71.94999694824219,3.740000009536743,16.329999923706055
2024-09-20,71.91999816894531,3.7279999256134033,16.149999618530273
2024-09-23,70.37000274658203,3.739000082015991,15.890000343322754
2024-09-24,71.55999755859375,3.7360000610351562,15.390000343322754
2024-09-25,69.69000244140625,3.7809998989105225,15.40999984741211
2024-09-26,67.66999816894531,3.7909998893737793,15.369999885559082
2024-09-27,68.18000030517578,3.749000072479248,16.959999084472656
2024-09-30,68.16999816894531,3.802000045776367,16.729999542236328
2024-10-01,69.83000183105469,3.743000030517578,19.260000228881836
2024-10-02,70.0999984741211,3.7850000858306885,18.899999618530273
2024-10-03,73.70999908447266,3.8499999046325684,20.489999771118164
2024-10-04,74.37999725341797,3.9809999465942383,19.209999084472656
2024-10-07,77.13999938964844,4.026000022888184,22.639999389648438
2024-10-08,73.56999969482422,4.0329999923706055,21.420000076293945
2024-10-09,73.23999786376953,4.066999912261963,20.860000610351562
2024-10-10,75.8499984741211,4.0960001945495605,20.93000030517578
2024-10-11,75.55999755859375,4.072999954223633,20.459999084472656
2024-10-14,73.83000183105469,4.0980000495910645,19.700000762939453
2024-10-15,70.58000183105469,4.038000106811523,20.639999389648438
2024-10-16,70.38999938964844,4.015999794006348,19.579999923706055
2024-10-17,70.66999816894531,4.0960001945495605,19.110000610351562
2024-10-18,69.22000122070312,4.072999954223633,18.030000686645508
2024-10-21,70.55999755859375,4.182000160217285,18.3700008392334
2024-10-22,72.08999633789062,4.203999996185303,18.200000762939453
2024-10-23,70.7699966430664,4.242000102996826,19.239999771118164
2024-10-24,70.19000244140625,4.199999809265137,19.079999923706055
2024-10-25,71.77999877929688,4.23199987411499,20.329999923706055
2024-10-28,67.37999725341797,4.2779998779296875,19.799999237060547
2024-10-29,67.20999908447266,4.27400016784668,19.34000015258789
2024-10-30,68.61000061035156,4.265999794006348,20.350000381469727
2024-10-31,69.26000213623047,4.283999919891357,23.15999984741211
2024-11-01,69.48999786376953,4.361000061035156,21.8799991607666
2024-11-04,71.47000122070312,4.309000015258789,21.979999542236328
2024-11-05,71.98999786376953,4.289000034332275,20.489999771118164
2024-11-06,71.69000244140625,4.426000118255615,16.270000457763672
2024-11-07,72.36000061035156,4.341000080108643,15.199999809265137
2024-11-08,70.37999725341797,4.306000232696533,14.9399995803833
2024-11-11,68.04000091552734,4.308000087738037,14.970000267028809
2024-11-12,68.12000274658203,4.432000160217285,14.710000038146973
2024-11-13,68.43000030517578,4.451000213623047,14.020000457763672
2024-11-14,68.69999694824219,4.418000221252441,14.3100004196167
2024-11-15,67.0199966430664,4.427999973297119,16.139999389648438
2024-11-18,69.16000366210938,4.414000034332275,15.579999923706055
2024-11-19,69.38999938964844,4.379000186920166,16.350000381469727
2024-11-20,68.87000274658203,4.406000137329102,17.15999984741211
2024-11-21,70.0999984741211,4.432000160217285,16.8700008392334
2024-11-22,71.23999786376953,4.409999847412109,15.239999771118164
2024-11-25,68.94000244140625,4.264999866485596,14.600000381469727
2024-11-26,68.7699966430664,4.302000045776367,14.100000381469727
2024-11-27,68.72000122070312,4.242000102996826,14.100000381469727
2024-11-29,68.0,4.177999973297119,13.510000228881836
2024-12-02,68.0999984741211,4.196000099182129,13.34000015258789
2024-12-03,69.94000244140625,4.2230000495910645,13.300000190734863
2024-12-04,68.54000091552734,4.179999828338623,13.449999809265137
2024-12-05,68.30000305175781,4.179999828338623,13.539999961853027
2024-12-06,67.19999694824219,4.151000022888184,12.770000457763672
2024-12-09,68.37000274658203,4.198999881744385,14.1899995803833
2024-12-10,68.58999633789062,4.2210001945495605,14.180000305175781
2024-12-11,70.29000091552734,4.270999908447266,13.579999923706055
2024-12-12,70.0199966430664,4.323999881744385,13.920000076293945
2024-12-13,71.29000091552734,4.39900016784668,13.8100004196167
2024-12-16,70.70999908447266,4.396999835968018,14.6899995803833
2024-12-17,70.08000183105469,4.385000228881836,15.869999885559082
2024-12-18,70.58000183105469,4.49399995803833,27.6200008392334
2024-12-19,69.91000366210938,4.570000171661377,24.09000015258789
2024-12-20,69.45999908447266,4.52400016784668,18.360000610351562
2024-12-23,69.23999786376953,4.598999977111816,16.780000686645508
2024-12-24,70.0999984741211,4.591000080108643,14.270000457763672
2024-12-26,69.62000274658203,4.578999996185303,14.729999542236328
2024-12-27,70.5999984741211,4.61899995803833,15.949999809265137
2024-12-30,70.98999786376953,4.545000076293945,17.399999618530273
2024-12-31,71.72000122070312,4.572999954223633,17.350000381469727
