Date,DJI,GSPC,NDX,RUT
2020-01-02,28868.80078125,3257.85009765625,8872.2197265625,1666.77001953125
2020-01-03,28634.880859375,3234.85009765625,8793.900390625,1660.8699951171875
2020-01-06,28703.380859375,3246.280029296875,8848.51953125,1663.260009765625
2020-01-07,28583.6796875,3237.179931640625,8846.4501953125,1658.31005859375
2020-01-08,28745.08984375,3253.050048828125,8912.3701171875,1663.5899658203125
2020-01-09,28956.900390625,3274.699951171875,8989.6298828125,1664.989990234375
2020-01-10,28823.76953125,3265.35009765625,8966.6396484375,1657.6400146484375
2020-01-13,28907.05078125,3288.1298828125,9070.650390625,1669.6099853515625
2020-01-14,28939.669921875,3283.14990234375,9033.419921875,1675.739990234375
2020-01-15,29030.220703125,3289.2900390625,9035.669921875,1682.4000244140625
2020-01-16,29297.640625,3316.81005859375,9125.0,1705.219970703125
2020-01-17,29348.099609375,3329.6201171875,9173.73046875,1699.6400146484375
2020-01-21,29196.0390625,3320.7900390625,9166.6298828125,1685.9000244140625
2020-01-22,29186.26953125,3321.75,9188.580078125,1684.4599609375
2020-01-23,29160.08984375,3325.5400390625,9216.98046875,1685.010009765625
2020-01-24,28989.73046875,3295.469970703125,9141.4697265625,1662.22998046875
2020-01-27,28535.80078125,3243.6298828125,8952.1796875,1644.1400146484375
2020-01-28,28722.849609375,3276.239990234375,9090.9296875,1658.31005859375
2020-01-29,28734.44921875,3273.39990234375,9101.6103515625,1649.219970703125
2020-01-30,28859.439453125,3283.659912109375,9136.08984375,1648.219970703125
2020-01-31,28256.029296875,3225.52001953125,8991.509765625,1614.06005859375
2020-02-03,28399.810546875,3248.919921875,9126.23046875,1632.2099609375
2020-02-04,28807.630859375,3297.590087890625,9334.0595703125,1656.77001953125
2020-02-05,29290.849609375,3334.68994140625,9367.48046875,1681.9200439453125
2020-02-06,29379.76953125,3345.780029296875,9445.919921875,1677.4599609375
2020-02-07,29102.509765625,3327.7099609375,9401.099609375,1656.780029296875
2020-02-10,29276.8203125,3352.090087890625,9516.83984375,1667.6700439453125
2020-02-11,29276.33984375,3357.75,9517.8603515625,1677.510009765625
2020-02-12,29551.419921875,3379.449951171875,9613.2001953125,1689.3800048828125
2020-02-13,29423.310546875,3373.93994140625,9595.7001953125,1693.739990234375
2020-02-14,29398.080078125,3380.159912109375,9623.580078125,1687.5799560546875
2020-02-18,29232.189453125,3370.2900390625,9629.7998046875,1683.52001953125
2020-02-19,29348.029296875,3386.14990234375,9718.73046875,1692.5699462890625
2020-02-20,29219.98046875,3373.22998046875,9627.830078125,1696.0699462890625
2020-02-21,28992.41015625,3337.75,9446.6904296875,1678.6099853515625
2020-02-24,27960.80078125,3225.889892578125,9079.6298828125,1628.0999755859375
2020-02-25,27081.359375,3128.2099609375,8834.8701171875,1571.9000244140625
2020-02-26,26957.58984375,3116.389892578125,8873.759765625,1552.760009765625
2020-02-27,25766.640625,2978.760009765625,8436.669921875,1497.8699951171875
2020-02-28,25409.359375,2954.219970703125,8461.830078125,1476.4300537109375
2020-03-02,26703.3203125,3090.22998046875,8877.98046875,1518.489990234375
2020-03-03,25917.41015625,3003.3701171875,8594.490234375,1486.0799560546875
2020-03-04,27090.859375,3130.1201171875,8949.2802734375,1531.199951171875
2020-03-05,26121.279296875,3023.93994140625,8671.66015625,1478.8199462890625
2020-03-06,25864.779296875,2972.3701171875,8530.33984375,1449.219970703125
2020-03-09,23851.01953125,2746.56005859375,7948.02978515625,1313.43994140625
2020-03-10,25018.16015625,2882.22998046875,8372.26953125,1350.9000244140625
2020-03-11,23553.220703125,2741.3798828125,8006.1201171875,1264.300048828125
2020-03-12,21200.619140625,2480.639892578125,7263.64990234375,1122.9300537109375
2020-03-13,23185.619140625,2711.02001953125,7995.259765625,1210.1300048828125
2020-03-16,20188.51953125,2386.1298828125,7020.3798828125,1037.4200439453125
2020-03-17,21237.380859375,2529.18994140625,7473.9501953125,1106.510009765625
2020-03-18,19898.919921875,2398.10009765625,7175.18017578125,991.1599731445312
2020-03-19,20087.189453125,2409.389892578125,7288.52001953125,1058.75
2020-03-20,19173.98046875,2304.919921875,6994.2900390625,1013.8900146484375
2020-03-23,18591.9296875,2237.39990234375,7006.919921875,1002.4000244140625
2020-03-24,20704.91015625,2447.330078125,7553.830078125,1096.5400390625
2020-03-25,21200.55078125,2475.56005859375,7469.6201171875,1110.3699951171875
2020-03-26,22552.169921875,2630.070068359375,7897.1298828125,1180.3199462890625
2020-03-27,21636.779296875,2541.469970703125,7588.3701171875,1131.989990234375
2020-03-30,22327.48046875,2626.64990234375,7889.009765625,1158.3199462890625
2020-03-31,21917.16015625,2584.590087890625,7813.5,1153.0999755859375
2020-04-01,20943.509765625,2470.5,7486.2900390625,1071.989990234375
2020-04-02,21413.439453125,2526.89990234375,7635.66015625,1085.81005859375
2020-04-03,21052.529296875,2488.64990234375,7528.10986328125,1052.050048828125
2020-04-06,22679.990234375,2663.679931640625,8081.66015625,1138.780029296875
2020-04-07,22653.859375,2659.409912109375,8049.31005859375,1139.1700439453125
2020-04-08,23433.5703125,2749.97998046875,8229.5400390625,1191.6600341796875
2020-04-09,23719.369140625,2789.820068359375,8238.5302734375,1246.72998046875
2020-04-13,23390.76953125,2761.6298828125,8332.740234375,1212.0400390625
2020-04-14,23949.759765625,2846.06005859375,8692.16015625,1237.3299560546875
2020-04-15,23504.349609375,2783.360107421875,8591.9599609375,1183.97998046875
2020-04-16,23537.6796875,2799.550048828125,8757.830078125,1178.0899658203125
2020-04-17,24242.490234375,2874.56005859375,8832.41015625,1229.0999755859375
2020-04-20,23650.439453125,2823.159912109375,8726.509765625,1213.3499755859375
2020-04-21,23018.880859375,2736.56005859375,8403.0,1185.0899658203125
2020-04-22,23475.8203125,2799.31005859375,8664.6396484375,1201.52001953125
2020-04-23,23515.259765625,2797.800048828125,8641.5,1214.06005859375
2020-04-24,23775.26953125,2836.739990234375,8786.599609375,1233.050048828125
2020-04-27,24133.779296875,2878.47998046875,8837.66015625,1281.8800048828125
2020-04-28,24101.55078125,2863.389892578125,8677.599609375,1298.0799560546875
2020-04-29,24633.859375,2939.510009765625,8982.759765625,1360.760009765625
2020-04-30,24345.720703125,2912.429931640625,9000.509765625,1310.6600341796875
2020-05-01,23723.689453125,2830.7099609375,8718.1796875,1260.47998046875
2020-05-04,23749.759765625,2842.739990234375,8834.1103515625,1263.969970703125
2020-05-05,23883.08984375,2868.43994140625,8930.6201171875,1273.510009765625
2020-05-06,23664.640625,2848.419921875,8984.8603515625,1263.010009765625
2020-05-07,23875.890625,2881.18994140625,9101.8798828125,1282.9300537109375
2020-05-08,24331.3203125,2929.800048828125,9220.349609375,1329.6400146484375
2020-05-11,24221.990234375,2930.18994140625,9298.919921875,1321.239990234375
2020-05-12,23764.779296875,2870.1201171875,9112.4501953125,1275.5400390625
2020-05-13,23247.970703125,2820.0,9000.080078125,1233.25
2020-05-14,23625.33984375,2852.5,9094.419921875,1237.550048828125
2020-05-15,23685.419921875,2863.699951171875,9152.6396484375,1256.989990234375
2020-05-18,24597.369140625,2953.909912109375,9331.9296875,1333.68994140625
2020-05-19,24206.859375,2922.93994140625,9298.5400390625,1307.719970703125
2020-05-20,24575.900390625,2971.610107421875,9485.01953125,1346.9300537109375
2020-05-21,24474.119140625,2948.510009765625,9377.990234375,1347.56005859375
2020-05-22,24465.16015625,2955.449951171875,9413.990234375,1355.530029296875
2020-05-26,24995.109375,2991.77001953125,9389.98046875,1393.0699462890625
2020-05-27,25548.26953125,3036.1298828125,9442.0498046875,1436.3599853515625
2020-05-28,25400.640625,3029.72998046875,9416.7099609375,1400.6700439453125
2020-05-29,25383.109375,3044.31005859375,9555.5302734375,1394.0400390625
2020-06-01,25475.01953125,3055.72998046875,9598.8896484375,1405.3699951171875
2020-06-02,25742.650390625,3080.820068359375,9657.3095703125,1418.2099609375
2020-06-03,26269.890625,3122.8701171875,9704.6904296875,1452.0899658203125
2020-06-04,26281.8203125,3112.35009765625,9629.66015625,1452.06005859375
2020-06-05,27110.98046875,3193.929931640625,9824.3896484375,1507.1500244140625
2020-06-08,27572.439453125,3232.389892578125,9901.51953125,1536.8900146484375
2020-06-09,27272.30078125,3207.179931640625,9967.169921875,1507.050048828125
2020-06-10,26989.990234375,3190.139892578125,10094.259765625,1467.3900146484375
2020-06-11,25128.169921875,3002.10009765625,9588.48046875,1356.219970703125
2020-06-12,25605.5390625,3041.31005859375,9663.7802734375,1387.6800537109375
2020-06-15,25763.16015625,3066.590087890625,9776.8896484375,1419.6099853515625
2020-06-16,26289.98046875,3124.739990234375,9949.3701171875,1452.260009765625
2020-06-17,26119.609375,3113.489990234375,9982.48046875,1426.530029296875
2020-06-18,26080.099609375,3115.340087890625,10012.0498046875,1427.3299560546875
2020-06-19,25871.4609375,3097.739990234375,10008.6396484375,1418.6300048828125
2020-06-22,26024.9609375,3117.860107421875,10130.330078125,1433.530029296875
2020-06-23,26156.099609375,3131.2900390625,10209.8203125,1439.3399658203125
2020-06-24,25445.939453125,3050.330078125,10002.7001953125,1389.739990234375
2020-06-25,25745.599609375,3083.760009765625,10101.830078125,1413.31005859375
2020-06-26,25015.55078125,3009.050048828125,9849.3603515625,1378.780029296875
2020-06-29,25595.80078125,3053.239990234375,9961.16015625,1421.2099609375
2020-06-30,25812.880859375,3100.2900390625,10156.849609375,1441.3699951171875
2020-07-01,25734.970703125,3115.860107421875,10279.25,1427.31005859375
2020-07-02,25827.359375,3130.010009765625,10341.8896484375,1431.8599853515625
2020-07-06,26287.029296875,3179.719970703125,10604.0595703125,1442.8800048828125
2020-07-07,25890.1796875,3145.320068359375,10524.009765625,1416.0
2020-07-08,26067.279296875,3169.93994140625,10666.7001953125,1427.4000244140625
2020-07-09,25706.08984375,3152.050048828125,10754.58984375,1398.9200439453125
2020-07-10,26075.30078125,3185.0400390625,10836.330078125,1422.6800537109375
2020-07-13,26085.80078125,3155.219970703125,10602.2099609375,1403.5699462890625
2020-07-14,26642.58984375,3197.52001953125,10689.51953125,1428.260009765625
2020-07-15,26870.099609375,3226.56005859375,10701.6796875,1478.27001953125
2020-07-16,26734.7109375,3215.570068359375,10626.4599609375,1467.56005859375
2020-07-17,26671.94921875,3224.72998046875,10645.2197265625,1473.3199462890625
2020-07-20,26680.869140625,3251.840087890625,10952.080078125,1467.949951171875
2020-07-21,26840.400390625,3257.300048828125,10833.0703125,1487.510009765625
2020-07-22,27005.83984375,3276.02001953125,10870.75,1490.1400146484375
2020-07-23,26652.330078125,3235.659912109375,10580.58984375,1490.199951171875
2020-07-24,26469.890625,3215.6298828125,10483.1298828125,1467.550048828125
2020-07-27,26584.76953125,3239.409912109375,10674.3798828125,1484.6500244140625
2020-07-28,26379.279296875,3218.43994140625,10532.5,1469.760009765625
2020-07-29,26539.5703125,3258.43994140625,10662.98046875,1500.6300048828125
2020-07-30,26313.650390625,3246.219970703125,10715.509765625,1495.0999755859375
2020-07-31,26428.3203125,3271.1201171875,10905.8798828125,1480.4300537109375
2020-08-03,26664.400390625,3294.610107421875,11055.080078125,1506.800048828125
2020-08-04,26828.470703125,3306.510009765625,11096.5400390625,1517.2099609375
2020-08-05,27201.51953125,3327.77001953125,11125.4404296875,1546.239990234375
2020-08-06,27386.98046875,3349.159912109375,11267.080078125,1544.6199951171875
2020-08-07,27433.48046875,3351.280029296875,11139.3896484375,1569.1800537109375
2020-08-10,27791.439453125,3360.469970703125,11085.169921875,1584.6700439453125
2020-08-11,27686.91015625,3333.68994140625,10876.080078125,1575.0999755859375
2020-08-12,27976.83984375,3380.35009765625,11157.7197265625,1583.25
2020-08-13,27896.720703125,3373.429931640625,11178.3701171875,1579.7900390625
2020-08-14,27931.01953125,3372.85009765625,11164.4501953125,1577.8800048828125
2020-08-17,27844.91015625,3381.989990234375,11288.5703125,1585.469970703125
2020-08-18,27778.0703125,3389.780029296875,11399.0302734375,1569.77001953125
2020-08-19,27692.880859375,3374.85009765625,11318.6396484375,1572.0699462890625
2020-08-20,27739.73046875,3385.510009765625,11477.0498046875,1564.300048828125
2020-08-21,27930.330078125,3397.159912109375,11555.16015625,1552.47998046875
2020-08-24,28308.4609375,3431.280029296875,11626.169921875,1568.469970703125
2020-08-25,28248.439453125,3443.6201171875,11721.8095703125,1571.2099609375
2020-08-26,28331.919921875,3478.72998046875,11971.9404296875,1560.18994140625
2020-08-27,28492.26953125,3484.550048828125,11926.16015625,1564.56005859375
2020-08-28,28653.869140625,3508.010009765625,11995.849609375,1578.3399658203125
2020-08-31,28430.05078125,3500.31005859375,12110.7001953125,1561.8800048828125
2020-09-01,28645.66015625,3526.64990234375,12292.8603515625,1578.5799560546875
2020-09-02,29100.5,3580.840087890625,12420.5400390625,1592.2900390625
2020-09-03,28292.73046875,3455.06005859375,11771.3701171875,1544.6800537109375
2020-09-04,28133.310546875,3426.9599609375,11622.1298828125,1535.300048828125
2020-09-08,27500.890625,3331.840087890625,11068.259765625,1504.5899658203125
2020-09-09,27940.470703125,3398.9599609375,11395.849609375,1526.47998046875
2020-09-10,27534.580078125,3339.18994140625,11154.1201171875,1507.75
2020-09-11,27665.640625,3340.969970703125,11087.400390625,1497.27001953125
2020-09-14,27993.330078125,3383.5400390625,11277.759765625,1536.969970703125
2020-09-15,27995.599609375,3401.199951171875,11438.8701171875,1538.1500244140625
2020-09-16,28032.380859375,3385.489990234375,11247.599609375,1552.3299560546875
2020-09-17,27901.98046875,3357.010009765625,11080.9501953125,1542.5999755859375
2020-09-18,27657.419921875,3319.469970703125,10936.98046875,1536.780029296875
2020-09-21,27147.69921875,3281.06005859375,10980.2197265625,1485.25
2020-09-22,27288.1796875,3315.570068359375,11186.3701171875,1496.9599609375
2020-09-23,26763.130859375,3236.919921875,10833.330078125,1451.4599609375
2020-09-24,26815.439453125,3246.590087890625,10896.4697265625,1451.8199462890625
2020-09-25,27173.9609375,3298.4599609375,11151.1298828125,1474.9100341796875
2020-09-28,27584.060546875,3351.60009765625,11364.4501953125,1510.3399658203125
2020-09-29,27452.66015625,3335.469970703125,11322.9501953125,1504.72998046875
2020-09-30,27781.69921875,3363.0,11418.0595703125,1507.68994140625
2020-10-01,27816.900390625,3380.800048828125,11583.2001953125,1531.199951171875
2020-10-02,27682.810546875,3348.419921875,11255.6904296875,1539.300048828125
2020-10-05,28148.640625,3408.60009765625,11509.0595703125,1581.9599609375
2020-10-06,27772.759765625,3360.969970703125,11291.26953125,1577.2900390625
2020-10-07,28303.4609375,3419.43994140625,11503.1904296875,1611.0400390625
2020-10-08,28425.509765625,3446.830078125,11550.9404296875,1628.550048828125
2020-10-09,28586.900390625,3477.139892578125,11725.849609375,1637.550048828125
2020-10-12,28837.51953125,3534.219970703125,12088.1103515625,1649.050048828125
2020-10-13,28679.810546875,3511.929931640625,12083.169921875,1636.8499755859375
2020-10-14,28514.0,3488.669921875,11985.3603515625,1621.6500244140625
2020-10-15,28494.19921875,3483.340087890625,11898.5703125,1638.8800048828125
2020-10-16,28606.310546875,3483.81005859375,11852.169921875,1633.81005859375
2020-10-19,28195.419921875,3426.919921875,11634.349609375,1613.6300048828125
2020-10-20,28308.7890625,3443.1201171875,11677.83984375,1617.7099609375
2020-10-21,28210.8203125,3435.56005859375,11665.3701171875,1603.780029296875
2020-10-22,28363.66015625,3453.489990234375,11662.91015625,1630.25
2020-10-23,28335.5703125,3465.389892578125,11692.5703125,1640.5
2020-10-26,27685.380859375,3400.969970703125,11504.51953125,1605.2099609375
2020-10-27,27463.189453125,3390.679931640625,11598.9501953125,1590.7099609375
2020-10-28,26519.94921875,3271.030029296875,11142.759765625,1543.280029296875
2020-10-29,26659.109375,3310.110107421875,11350.740234375,1561.5799560546875
2020-10-30,26501.599609375,3269.9599609375,11052.9501953125,1538.47998046875
2020-11-02,26925.05078125,3310.239990234375,11084.759765625,1568.5899658203125
2020-11-03,27480.029296875,3369.159912109375,11279.91015625,1614.300048828125
2020-11-04,27847.66015625,3443.43994140625,11777.01953125,1615.0799560546875
2020-11-05,28390.1796875,3510.449951171875,12078.0703125,1660.050048828125
2020-11-06,28323.400390625,3509.43994140625,12091.349609375,1648.260009765625
2020-11-09,29157.970703125,3550.5,11830.3896484375,1705.0400390625
2020-11-10,29420.919921875,3545.530029296875,11624.2900390625,1737.010009765625
2020-11-11,29397.630859375,3572.659912109375,11892.9296875,1736.93994140625
2020-11-12,29080.169921875,3537.010009765625,11827.1396484375,1708.469970703125
2020-11-13,29479.810546875,3585.14990234375,11937.83984375,1744.0400390625
2020-11-16,29950.439453125,3626.909912109375,12013.3798828125,1785.3399658203125
2020-11-17,29783.349609375,3609.530029296875,11977.490234375,1791.9100341796875
2020-11-18,29438.419921875,3567.7900390625,11894.7099609375,1769.3199462890625
2020-11-19,29483.23046875,3581.8701171875,11985.4296875,1784.1300048828125
2020-11-20,29263.48046875,3557.5400390625,11906.4404296875,1785.3399658203125
2020-11-23,29591.26953125,3577.590087890625,11905.9404296875,1818.300048828125
2020-11-24,30046.240234375,3635.409912109375,12079.8095703125,1853.530029296875
2020-11-25,29872.470703125,3629.64990234375,12152.2197265625,1845.02001953125
2020-11-27,29910.369140625,3638.35009765625,12258.2099609375,1855.27001953125
2020-11-30,29638.640625,3621.6298828125,12268.3203125,1819.8199462890625
2020-12-01,29823.919921875,3662.449951171875,12455.330078125,1836.050048828125
2020-12-02,29883.7890625,3669.010009765625,12456.41015625,1838.030029296875
2020-12-03,29969.51953125,3666.719970703125,12467.1298828125,1848.699951171875
2020-12-04,30218.259765625,3699.1201171875,12528.48046875,1892.449951171875
2020-12-07,30069.7890625,3691.9599609375,12596.4697265625,1891.25
2020-12-08,30173.880859375,3702.25,12635.7197265625,1917.780029296875
2020-12-09,30068.810546875,3672.820068359375,12364.6396484375,1902.1500244140625
2020-12-10,29999.259765625,3668.10009765625,12401.740234375,1922.699951171875
2020-12-11,30046.369140625,3663.4599609375,12375.41015625,1911.699951171875
2020-12-14,29861.55078125,3647.489990234375,12462.2099609375,1913.8599853515625
2020-12-15,30199.310546875,3694.6201171875,12595.919921875,1959.760009765625
2020-12-16,30154.5390625,3701.169921875,12668.16015625,1952.719970703125
2020-12-17,30303.369140625,3722.47998046875,12752.0595703125,1978.050048828125
2020-12-18,30179.05078125,3709.409912109375,12738.1796875,1969.989990234375
2020-12-21,30216.44921875,3694.919921875,12690.259765625,1970.3299560546875
2020-12-22,30015.509765625,3687.260009765625,12717.5595703125,1989.8800048828125
2020-12-23,30129.830078125,3690.010009765625,12653.1396484375,2007.0999755859375
2020-12-24,30199.869140625,3703.06005859375,12711.009765625,2003.949951171875
2020-12-28,30403.970703125,3735.360107421875,12838.8603515625,1996.25
2020-12-29,30335.669921875,3727.0400390625,12843.490234375,1959.3599853515625
2020-12-30,30409.560546875,3732.0400390625,12845.3603515625,1979.989990234375
2020-12-31,30606.48046875,3756.070068359375,12888.2802734375,1974.8599853515625
2021-01-04,30223.890625,3700.64990234375,12694.66015625,1945.9100341796875
2021-01-05,30391.599609375,3726.860107421875,12802.3798828125,1979.1099853515625
2021-01-06,30829.400390625,3748.139892578125,12623.349609375,2057.919921875
2021-01-07,31041.130859375,3803.7900390625,12939.5703125,2096.889892578125
2021-01-08,31097.970703125,3824.679931640625,13105.2001953125,2091.659912109375
2021-01-11,31008.689453125,3799.610107421875,12902.490234375,2091.010009765625
2021-01-12,31068.689453125,3801.18994140625,12892.08984375,2127.9599609375
2021-01-13,31060.470703125,3809.840087890625,12973.6298828125,2111.969970703125
2021-01-14,30991.51953125,3795.5400390625,12898.6904296875,2155.35009765625
2021-01-15,30814.259765625,3768.25,12803.9296875,2123.199951171875
2021-01-19,30930.51953125,3798.909912109375,12996.5400390625,2151.139892578125
2021-01-20,31188.380859375,3851.85009765625,13296.4501953125,2160.6201171875
2021-01-21,31176.009765625,3853.070068359375,13404.990234375,2141.419921875
2021-01-22,30996.98046875,3841.469970703125,13366.400390625,2168.760009765625
2021-01-25,30960.0,3855.360107421875,13483.2900390625,2163.27001953125
2021-01-26,30937.0390625,3849.6201171875,13490.1904296875,2149.860107421875
2021-01-27,30303.169921875,3750.77001953125,13112.650390625,2108.699951171875
2021-01-28,30603.359375,3787.3798828125,13201.5302734375,2106.610107421875
2021-01-29,29982.619140625,3714.239990234375,12925.3798828125,2073.639892578125
2021-02-01,30211.91015625,3773.860107421875,13248.900390625,2126.159912109375
2021-02-02,30687.48046875,3826.31005859375,13456.1201171875,2151.43994140625
2021-02-03,30723.599609375,3830.169921875,13402.3701171875,2159.699951171875
2021-02-04,31055.859375,3871.739990234375,13560.8896484375,2202.419921875
2021-02-05,31148.240234375,3886.830078125,13603.9599609375,2233.330078125
2021-02-08,31385.759765625,3915.590087890625,13695.01953125,2289.760009765625
2021-02-09,31375.830078125,3911.22998046875,13687.080078125,2299.0
2021-02-10,31437.80078125,3909.8798828125,13655.26953125,2282.43994140625
2021-02-11,31430.69921875,3916.3798828125,13734.349609375,2285.320068359375
2021-02-12,31458.400390625,3934.830078125,13807.7001953125,2289.360107421875
2021-02-16,31522.75,3932.590087890625,13773.76953125,2272.889892578125
2021-02-17,31613.01953125,3931.330078125,13699.7099609375,2256.110107421875
2021-02-18,31493.33984375,3913.969970703125,13637.509765625,2218.389892578125
2021-02-19,31494.3203125,3906.7099609375,13580.7802734375,2266.68994140625
2021-02-22,31521.689453125,3876.5,13223.740234375,2251.070068359375
2021-02-23,31537.349609375,3881.3701171875,13194.7099609375,2231.31005859375
2021-02-24,31961.859375,3925.429931640625,13302.1904296875,2284.3798828125
2021-02-25,31402.009765625,3829.340087890625,12828.3095703125,2200.169921875
2021-02-26,30932.369140625,3811.14990234375,12909.4404296875,2201.050048828125
2021-03-01,31535.509765625,3901.820068359375,13282.9501953125,2275.320068359375
2021-03-02,31391.51953125,3870.2900390625,13059.9501953125,2231.510009765625
2021-03-03,31270.08984375,3819.719970703125,12683.330078125,2207.7900390625
2021-03-04,30924.140625,3768.469970703125,12464.0,2146.919921875
2021-03-05,31496.30078125,3841.93994140625,12668.509765625,2192.2099609375
2021-03-08,31802.439453125,3821.35009765625,12299.080078125,2202.97998046875
2021-03-09,31832.740234375,3875.43994140625,12794.490234375,2245.06005859375
2021-03-10,32297.01953125,3898.81005859375,12752.0703125,2285.679931640625
2021-03-11,32485.58984375,3939.340087890625,13052.900390625,2338.5400390625
2021-03-12,32778.640625,3943.340087890625,12937.2900390625,2352.7900390625
2021-03-15,32953.4609375,3968.93994140625,13082.5400390625,2360.169921875
2021-03-16,32825.94921875,3962.7099609375,13152.2802734375,2319.52001953125
2021-03-17,33015.37109375,3974.1201171875,13202.3798828125,2336.389892578125
2021-03-18,32862.30078125,3915.4599609375,12789.1396484375,2267.590087890625
2021-03-19,32627.970703125,3913.10009765625,12866.990234375,2287.550048828125
2021-03-22,32731.19921875,3940.590087890625,13086.509765625,2266.840087890625
2021-03-23,32423.150390625,3910.52001953125,13017.7900390625,2185.68994140625
2021-03-24,32420.060546875,3889.139892578125,12798.8798828125,2134.27001953125
2021-03-25,32619.48046875,3909.52001953125,12780.509765625,2183.1201171875
2021-03-26,33072.87890625,3974.5400390625,12979.1201171875,2221.47998046875
2021-03-29,33171.37109375,3971.090087890625,12965.740234375,2158.679931640625
2021-03-30,33066.9609375,3958.550048828125,12896.5302734375,2195.800048828125
2021-03-31,32981.55078125,3972.889892578125,13091.4404296875,2220.52001953125
2021-04-01,33153.2109375,4019.8701171875,13329.51953125,2253.89990234375
2021-04-05,33527.19140625,4077.909912109375,13598.16015625,2264.889892578125
2021-04-06,33430.23828125,4073.93994140625,13578.4599609375,2259.14990234375
2021-04-07,33446.26171875,4079.949951171875,13616.7001953125,2223.050048828125
2021-04-08,33503.5703125,4097.169921875,13758.509765625,2242.60009765625
2021-04-09,33800.6015625,4128.7998046875,13845.0595703125,2243.469970703125
2021-04-12,33745.3984375,4127.990234375,13819.349609375,2233.780029296875
2021-04-13,33677.26953125,4141.58984375,13986.490234375,2228.919921875
2021-04-14,33730.890625,4124.66015625,13803.91015625,2247.719970703125
2021-04-15,34035.98828125,4170.419921875,14026.1904296875,2257.070068359375
2021-04-16,34200.671875,4185.47021484375,14041.91015625,2262.669921875
2021-04-19,34077.62890625,4163.259765625,13907.669921875,2232.0
2021-04-20,33821.30078125,4134.93994140625,13809.2998046875,2188.2099609375
2021-04-21,34137.30859375,4173.419921875,13935.150390625,2239.6298828125
2021-04-22,33815.8984375,4134.97998046875,13762.3603515625,2232.610107421875
2021-04-23,34043.48828125,4180.169921875,13941.4404296875,2271.860107421875
2021-04-26,33981.5703125,4187.6201171875,14026.16015625,2298.010009765625
2021-04-27,33984.9296875,4186.72021484375,13960.2802734375,2301.27001953125
2021-04-28,33820.37890625,4183.18017578125,13901.6201171875,2304.159912109375
2021-04-29,34060.359375,4211.47021484375,13970.2001953125,2295.4599609375
2021-04-30,33874.8515625,4181.169921875,13860.759765625,2266.449951171875
2021-05-03,34113.23046875,4192.66015625,13799.7197265625,2277.449951171875
2021-05-04,34133.03125,4164.66015625,13544.669921875,2248.2900390625
2021-05-05,34230.33984375,4167.58984375,13503.3701171875,2241.3701171875
2021-05-06,34548.53125,4201.6201171875,13613.73046875,2241.419921875
2021-05-07,34777.76171875,4232.60009765625,13719.6298828125,2271.6298828125
2021-05-10,34742.8203125,4188.43017578125,13359.080078125,2212.699951171875
2021-05-11,34269.16015625,4152.10009765625,13351.26953125,2206.989990234375
2021-05-12,33587.66015625,4063.0400390625,13001.6298828125,2135.139892578125
2021-05-13,34021.44921875,4112.5,13109.150390625,2170.949951171875
2021-05-14,34382.12890625,4173.85009765625,13393.1201171875,2224.6298828125
2021-05-17,34327.7890625,4163.2900390625,13312.91015625,2227.1201171875
2021-05-18,34060.66015625,4127.830078125,13217.6796875,2210.8798828125
2021-05-19,33896.0390625,4115.68017578125,13237.91015625,2193.639892578125
2021-05-20,34084.1484375,4159.1201171875,13494.08984375,2207.760009765625
2021-05-21,34207.83984375,4155.85986328125,13411.740234375,2215.27001953125
2021-05-24,34393.98046875,4197.0498046875,13641.75,2227.340087890625
2021-05-25,34312.4609375,4188.1298828125,13657.73046875,2205.75
2021-05-26,34323.05078125,4195.990234375,13702.740234375,2249.27001953125
2021-05-27,34464.640625,4200.8798828125,13657.849609375,2273.070068359375
2021-05-28,34529.44921875,4204.10986328125,13686.509765625,2268.969970703125
2021-06-01,34575.30859375,4202.0400390625,13654.58984375,2294.739990234375
2021-06-02,34600.37890625,4208.1201171875,13675.7900390625,2297.830078125
2021-06-03,34577.0390625,4192.85009765625,13529.6796875,2279.25
2021-06-04,34756.390625,4229.89013671875,13770.76953125,2286.409912109375
2021-06-07,34630.23828125,4226.52001953125,13802.8896484375,2319.179931640625
2021-06-08,34599.8203125,4227.259765625,13810.8603515625,2343.760009765625
2021-06-09,34447.140625,4219.5498046875,13814.9404296875,2327.1298828125
2021-06-10,34466.23828125,4239.18017578125,13960.349609375,2311.409912109375
2021-06-11,34479.6015625,4247.43994140625,13998.2998046875,2335.81005859375
2021-06-14,34393.75,4255.14990234375,14128.2001953125,2326.14990234375
2021-06-15,34299.328125,4246.58984375,14030.41015625,2320.070068359375
2021-06-16,34033.671875,4223.7001953125,13983.009765625,2314.68994140625
2021-06-17,33823.44921875,4221.85986328125,14163.8095703125,2287.4599609375
2021-06-18,33290.078125,4166.4501953125,14049.580078125,2237.75
2021-06-21,33876.96875,4224.7900390625,14137.23046875,2286.090087890625
2021-06-22,33945.578125,4246.43994140625,14270.419921875,2295.949951171875
2021-06-23,33874.23828125,4241.83984375,14274.240234375,2303.469970703125
2021-06-24,34196.8203125,4266.490234375,14365.9599609375,2333.6201171875
2021-06-25,34433.83984375,4280.7001953125,14345.1796875,2334.39990234375
2021-06-28,34283.26953125,4290.60986328125,14524.98046875,2322.340087890625
2021-06-29,34292.2890625,4291.7998046875,14572.75,2308.840087890625
2021-06-30,34502.51171875,4297.5,14554.7998046875,2310.550048828125
2021-07-01,34633.53125,4319.93994140625,14560.0498046875,2329.360107421875
2021-07-02,34786.3515625,4352.33984375,14727.6298828125,2305.760009765625
2021-07-06,34577.37109375,4343.5400390625,14786.3603515625,2274.5
2021-07-07,34681.7890625,4358.1298828125,14810.5400390625,2252.85009765625
2021-07-08,34421.9296875,4320.81982421875,14722.1396484375,2231.679931640625
2021-07-09,34870.16015625,4369.5498046875,14826.08984375,2280.0
2021-07-12,34996.1796875,4384.6298828125,14877.8896484375,2281.820068359375
2021-07-13,34888.7890625,4369.2099609375,14874.5400390625,2238.860107421875
2021-07-14,34933.23046875,4374.2998046875,14900.4404296875,2202.360107421875
2021-07-15,34987.01953125,4360.02978515625,14794.6904296875,2190.2900390625
2021-07-16,34687.8515625,4327.16015625,14681.3798828125,2163.239990234375
2021-07-19,33962.0390625,4258.490234375,14549.08984375,2130.679931640625
2021-07-20,34511.98828125,4323.06005859375,14728.2099609375,2194.300048828125
2021-07-21,34798.0,4358.68994140625,14842.6298828125,2234.0400390625
2021-07-22,34823.3515625,4367.47998046875,14940.169921875,2199.47998046875
2021-07-23,35061.55078125,4411.7900390625,15111.7900390625,2209.64990234375
2021-07-26,35144.30859375,4422.2998046875,15125.9501953125,2216.919921875
2021-07-27,35058.51953125,4401.4599609375,14956.9697265625,2191.830078125
2021-07-28,34930.9296875,4400.64013671875,15018.099609375,2224.9599609375
2021-07-29,35084.53125,4419.14990234375,15048.3603515625,2240.030029296875
2021-07-30,34935.46875,4395.259765625,14959.900390625,2226.25
2021-08-02,34838.16015625,4387.16015625,14963.6201171875,2215.5
2021-08-03,35116.3984375,4423.14990234375,15061.419921875,2223.580078125
2021-08-04,34792.671875,4402.66015625,15083.3896484375,2196.320068359375
2021-08-05,35064.25,4429.10009765625,15181.6396484375,2236.010009765625
2021-08-06,35208.51171875,4436.52001953125,15109.3603515625,2247.760009765625
2021-08-09,35101.8515625,4432.35009765625,15133.1103515625,2234.81005859375
2021-08-10,35264.671875,4436.75,15053.580078125,2239.360107421875
2021-08-11,35484.96875,4442.41015625,15027.759765625,2250.340087890625
2021-08-12,35499.8515625,4460.830078125,15088.98046875,2244.070068359375
2021-08-13,35515.37890625,4468.0,15136.6796875,2223.110107421875
2021-08-16,35625.3984375,4479.7099609375,15140.76953125,2209.47998046875
2021-08-17,35343.28125,4448.080078125,15002.830078125,2177.169921875
2021-08-18,34960.69140625,4400.27001953125,14857.919921875,2158.780029296875
2021-08-19,34894.12109375,4405.7998046875,14933.9404296875,2132.419921875
2021-08-20,35120.078125,4441.669921875,15092.5703125,2167.60009765625
2021-08-23,35335.7109375,4479.52978515625,15312.8203125,2208.300048828125
2021-08-24,35366.26171875,4486.22998046875,15357.6796875,2230.909912109375
2021-08-25,35405.5,4496.18994140625,15368.919921875,2239.27001953125
2021-08-26,35213.12109375,4470.0,15278.51953125,2213.97998046875
2021-08-27,35455.80078125,4509.3701171875,15432.9501953125,2277.14990234375
2021-08-30,35399.83984375,4528.7900390625,15605.08984375,2265.989990234375
2021-08-31,35360.73046875,4522.68017578125,15582.509765625,2273.77001953125
2021-09-01,35312.53125,4524.08984375,15611.5703125,2287.06005859375
2021-09-02,35443.8203125,4536.9501953125,15604.25,2304.02001953125
2021-09-03,35369.08984375,4535.43017578125,15652.8603515625,2292.050048828125
2021-09-07,35100.0,4520.02978515625,15675.759765625,2275.610107421875
2021-09-08,35031.0703125,4514.06982421875,15620.849609375,2249.72998046875
2021-09-09,34879.37890625,4493.27978515625,15561.0498046875,2249.1298828125
2021-09-10,34607.71875,4458.580078125,15440.75,2227.550048828125
2021-09-13,34869.62890625,4468.72998046875,15434.5,2240.780029296875
2021-09-14,34577.5703125,4443.0498046875,15382.900390625,2209.97998046875
2021-09-15,34814.390625,4480.7001953125,15503.5302734375,2234.449951171875
2021-09-16,34751.3203125,4473.75,15515.91015625,2232.909912109375
2021-09-17,34584.87890625,4432.990234375,15333.4697265625,2236.8701171875
2021-09-20,33970.46875,4357.72998046875,15012.1904296875,2182.199951171875
2021-09-21,33919.83984375,4354.18994140625,15027.76953125,2186.179931640625
2021-09-22,34258.3203125,4395.64013671875,15176.509765625,2218.56005859375
2021-09-23,34764.8203125,4448.97998046875,15316.580078125,2259.0400390625
2021-09-24,34798.0,4455.47998046875,15329.6796875,2248.070068359375
2021-09-27,34869.37109375,4443.10986328125,15204.8203125,2281.0
2021-09-28,34299.98828125,4352.6298828125,14770.2998046875,2229.780029296875
2021-09-29,34390.71875,4359.4599609375,14752.8896484375,2225.31005859375
2021-09-30,33843.921875,4307.5400390625,14689.6201171875,2204.3701171875
2021-10-01,34326.4609375,4357.0400390625,14791.8701171875,2241.6298828125
2021-10-04,34002.921875,4300.4599609375,14472.1201171875,2217.469970703125
2021-10-05,34314.671875,4345.72021484375,14674.150390625,2228.360107421875
2021-10-06,34416.98828125,4363.5498046875,14766.75,2214.9599609375
2021-10-07,34754.94140625,4399.759765625,14897.1298828125,2250.090087890625
2021-10-08,34746.25,4391.33984375,14820.75,2233.090087890625
2021-10-11,34496.05859375,4361.18994140625,14713.73046875,2220.639892578125
2021-10-12,34378.33984375,4350.64990234375,14662.1103515625,2234.27001953125
2021-10-13,34377.80859375,4363.7998046875,14774.599609375,2241.969970703125
2021-10-14,34912.55859375,4438.259765625,15052.419921875,2274.179931640625
2021-10-15,35294.76171875,4471.3701171875,15146.919921875,2265.64990234375
2021-10-18,35258.609375,4486.4599609375,15300.8896484375,2267.840087890625
2021-10-19,35457.30859375,4519.6298828125,15410.7197265625,2275.909912109375
2021-10-20,35609.33984375,4536.18994140625,15388.7099609375,2289.77001953125
2021-10-21,35603.078125,4549.77978515625,15489.58984375,2296.179931640625
2021-10-22,35677.01953125,4544.89990234375,15355.0703125,2291.27001953125
2021-10-25,35741.1484375,4566.47998046875,15514.1904296875,2312.639892578125
2021-10-26,35756.87890625,4574.7900390625,15559.490234375,2296.080078125
2021-10-27,35490.69140625,4551.68017578125,15598.3896484375,2252.489990234375
2021-10-28,35730.48046875,4596.419921875,15778.16015625,2297.97998046875
2021-10-29,35819.55859375,4605.3798828125,15850.4697265625,2297.18994140625
2021-11-01,35913.83984375,4613.669921875,15905.2802734375,2358.1201171875
2021-11-02,36052.62890625,4630.64990234375,15972.490234375,2361.860107421875
2021-11-03,36157.578125,4660.56982421875,16144.5,2404.280029296875
2021-11-04,36124.23046875,4680.06005859375,16346.240234375,2402.429931640625
2021-11-05,36327.94921875,4697.52978515625,16359.3798828125,2437.080078125
2021-11-08,36432.21875,4701.7001953125,16336.0302734375,2442.739990234375
2021-11-09,36319.98046875,4685.25,16219.9404296875,2427.2900390625
2021-11-10,36079.94140625,4646.7099609375,15985.5703125,2389.580078125
2021-11-11,35921.23046875,4649.27001953125,16032.4697265625,2409.139892578125
2021-11-12,36100.30859375,4682.85009765625,16199.8896484375,2411.780029296875
2021-11-15,36087.44921875,4682.7998046875,16189.1201171875,2400.929931640625
2021-11-16,36142.21875,4700.89990234375,16309.76953125,2405.02001953125
2021-11-17,35931.05078125,4688.669921875,16308.0703125,2377.010009765625
2021-11-18,35870.94921875,4704.5400390625,16482.970703125,2363.590087890625
2021-11-19,35601.98046875,4697.9599609375,16573.33984375,2343.159912109375
2021-11-22,35619.25,4682.93994140625,16380.98046875,2331.35009765625
2021-11-23,35813.80078125,4690.7001953125,16306.7197265625,2327.860107421875
2021-11-24,35804.37890625,4701.4599609375,16367.8095703125,2331.4599609375
2021-11-26,34899.33984375,4594.6201171875,16025.580078125,2245.93994140625
2021-11-29,35135.94140625,4655.27001953125,16399.240234375,2241.97998046875
2021-11-30,34483.71875,4567.0,16135.919921875,2198.909912109375
2021-12-01,34022.0390625,4513.0400390625,15877.7197265625,2147.419921875
2021-12-02,34639.7890625,4577.10009765625,15990.759765625,2206.330078125
2021-12-03,34580.078125,4538.43017578125,15712.0400390625,2159.31005859375
2021-12-06,35227.03125,4591.669921875,15846.16015625,2203.47998046875
2021-12-07,35719.4296875,4686.75,16325.66015625,2253.7900390625
2021-12-08,35754.75,4701.2099609375,16394.33984375,2271.7099609375
2021-12-09,35754.69140625,4667.4501953125,16149.5703125,2220.2099609375
2021-12-10,35970.98828125,4712.02001953125,16331.98046875,2211.81005859375
2021-12-13,35650.94921875,4668.97021484375,16082.5498046875,2180.5
2021-12-14,35544.1796875,4634.08984375,15914.900390625,2159.64990234375
2021-12-15,35927.4296875,4709.85009765625,16289.58984375,2195.2099609375
2021-12-16,35897.640625,4668.669921875,15863.9404296875,2152.4599609375
2021-12-17,35365.44140625,4620.64013671875,15801.4599609375,2173.929931640625
2021-12-20,34932.16015625,4568.02001953125,15627.6396484375,2139.8701171875
2021-12-21,35492.69921875,4649.22998046875,15986.2802734375,2202.949951171875
2021-12-22,35753.890625,4696.56005859375,16180.1396484375,2221.89990234375
2021-12-23,35950.55859375,4725.7900390625,16308.2099609375,2241.580078125
2021-12-27,36302.37890625,4791.18994140625,16567.5,2261.4599609375
2021-12-28,36398.2109375,4786.35009765625,16488.66015625,2246.510009765625
2021-12-29,36488.62890625,4793.06005859375,16491.009765625,2249.239990234375
2021-12-30,36398.078125,4778.72998046875,16429.099609375,2248.7900390625
2021-12-31,36338.30078125,4766.18017578125,16320.080078125,2245.31005859375
2022-01-03,36585.05859375,4796.56005859375,16501.76953125,2272.56005859375
2022-01-04,36799.6484375,4793.5400390625,16279.73046875,2268.8701171875
2022-01-05,36407.109375,4700.580078125,15771.7802734375,2194.0
2022-01-06,36236.46875,4696.0498046875,15765.3603515625,2206.3701171875
2022-01-07,36231.66015625,4677.02978515625,15592.1904296875,2179.81005859375
2022-01-10,36068.87109375,4670.2900390625,15614.4296875,2171.14990234375
2022-01-11,36252.01953125,4713.06982421875,15844.1201171875,2194.0
2022-01-12,36290.3203125,4726.35009765625,15905.099609375,2176.06005859375
2022-01-13,36113.62109375,4659.02978515625,15495.6201171875,2159.43994140625
2022-01-14,35911.80859375,4662.85009765625,15611.58984375,2162.4599609375
2022-01-18,35368.46875,4577.10986328125,15210.759765625,2096.22998046875
2022-01-19,35028.6484375,4532.759765625,15047.83984375,2062.780029296875
2022-01-20,34715.390625,4482.72998046875,14846.4599609375,2024.0400390625
2022-01-21,34265.37109375,4397.93994140625,14438.400390625,1987.9200439453125
2022-01-24,34364.5,4410.1298828125,14509.580078125,2033.510009765625
2022-01-25,34297.73046875,4356.4501953125,14149.1201171875,2004.030029296875
2022-01-26,34168.08984375,4349.93017578125,14172.759765625,1976.4599609375
2022-01-27,34160.78125,4326.509765625,14003.1103515625,1931.2900390625
2022-01-28,34725.46875,4431.85009765625,14454.6103515625,1968.510009765625
2022-01-31,35131.859375,4515.5498046875,14930.0498046875,2028.449951171875
2022-02-01,35405.23828125,4546.5400390625,15019.6796875,2050.739990234375
2022-02-02,35629.328125,4589.3798828125,15139.740234375,2029.52001953125
2022-02-03,35111.16015625,4477.43994140625,14501.1103515625,1991.030029296875
2022-02-04,35089.73828125,4500.52978515625,14694.349609375,2002.3599853515625
2022-02-07,35091.12890625,4483.8701171875,14571.25,2012.5999755859375
2022-02-08,35462.78125,4521.5400390625,14747.0302734375,2045.3699951171875
2022-02-09,35768.05859375,4587.18017578125,15056.9599609375,2083.5
2022-02-10,35241.58984375,4504.080078125,14705.6396484375,2051.159912109375
2022-02-11,34738.05859375,4418.64013671875,14253.83984375,2030.1500244140625
2022-02-14,34566.171875,4401.669921875,14268.58984375,2020.7900390625
2022-02-15,34988.83984375,4471.06982421875,14620.8203125,2076.4599609375
2022-02-16,34934.26953125,4475.009765625,14603.6396484375,2079.31005859375
2022-02-17,34312.03125,4380.259765625,14171.740234375,2028.0899658203125
2022-02-18,34079.1796875,4348.8701171875,14009.5400390625,2009.3299560546875
2022-02-22,33596.609375,4304.759765625,13870.5302734375,1980.1700439453125
2022-02-23,33131.76171875,4225.5,13509.4296875,1944.0899658203125
2022-02-24,33223.828125,4288.7001953125,13974.669921875,1996.010009765625
2022-02-25,34058.75,4384.64990234375,14189.16015625,2040.9300537109375
2022-02-28,33892.6015625,4373.93994140625,14237.8095703125,2048.090087890625
2022-03-01,33294.94921875,4306.259765625,14005.990234375,2008.510009765625
2022-03-02,33891.3515625,4386.5400390625,14243.6904296875,2058.8701171875
2022-03-03,33794.66015625,4363.490234375,14035.2099609375,2032.4100341796875
2022-03-04,33614.80078125,4328.8701171875,13837.830078125,2000.9000244140625
2022-03-07,32817.37890625,4201.08984375,13319.3798828125,1951.3299560546875
2022-03-08,32632.640625,4170.7001953125,13267.6103515625,1963.010009765625
2022-03-09,33286.25,4277.8798828125,13742.2001953125,2016.2900390625
2022-03-10,33174.0703125,4259.52001953125,13591.0,2011.6700439453125
2022-03-11,32944.19140625,4204.31005859375,13301.830078125,1979.6700439453125
2022-03-14,32945.23828125,4173.10986328125,13046.6396484375,1941.719970703125
2022-03-15,33544.33984375,4262.4501953125,13458.5595703125,1968.969970703125
2022-03-16,34063.1015625,4357.85986328125,13956.7900390625,2030.719970703125
2022-03-17,34480.76171875,4411.669921875,14118.599609375,2065.02001953125
2022-03-18,34754.9296875,4463.1201171875,14420.080078125,2086.139892578125
2022-03-21,34552.98828125,4461.18017578125,14376.08984375,2065.93994140625
2022-03-22,34807.4609375,4511.60986328125,14654.330078125,2088.340087890625
2022-03-23,34358.5,4456.240234375,14447.5498046875,2052.2099609375
2022-03-24,34707.94140625,4520.16015625,14765.6904296875,2075.43994140625
2022-03-25,34861.23828125,4543.06005859375,14754.3095703125,2077.97998046875
2022-03-28,34955.890625,4575.52001953125,14987.400390625,2078.06005859375
2022-03-29,35294.19140625,4631.60009765625,15239.3203125,2133.10009765625
2022-03-30,35228.80859375,4602.4501953125,15071.5498046875,2091.070068359375
2022-03-31,34678.3515625,4530.41015625,14838.490234375,2070.1298828125
2022-04-01,34818.26953125,4545.85986328125,14861.2099609375,2091.110107421875
2022-04-04,34921.87890625,4582.64013671875,15159.580078125,2095.43994140625
2022-04-05,34641.1796875,4525.1201171875,14820.6396484375,2046.0400390625
2022-04-06,34496.51171875,4481.14990234375,14498.8896484375,2016.93994140625
2022-04-07,34583.5703125,4500.2099609375,14531.8095703125,2009.800048828125
2022-04-08,34721.12109375,4488.27978515625,14327.259765625,1994.56005859375
2022-04-11,34308.078125,4412.52978515625,13990.2099609375,1980.3199462890625
2022-04-12,34220.359375,4397.4501953125,13940.240234375,1986.93994140625
2022-04-13,34564.58984375,4446.58984375,14217.2900390625,2025.0999755859375
2022-04-14,34451.23046875,4392.58984375,13893.2099609375,2004.97998046875
2022-04-18,34411.69140625,4391.68994140625,13910.759765625,1990.1300048828125
2022-04-19,34911.19921875,4462.2099609375,14210.259765625,2030.77001953125
2022-04-20,35160.7890625,4459.4501953125,13998.5302734375,2038.18994140625
2022-04-21,34792.76171875,4393.66015625,13720.4501953125,1991.4599609375
2022-04-22,33811.3984375,4271.77978515625,13356.8701171875,1940.6600341796875
2022-04-25,34049.4609375,4296.1201171875,13533.2197265625,1954.199951171875
2022-04-26,33240.1796875,4175.2001953125,13009.7099609375,1890.469970703125
2022-04-27,33301.9296875,4183.9599609375,13003.3603515625,1884.0400390625
2022-04-28,33916.390625,4287.5,13456.0595703125,1917.93994140625
2022-04-29,32977.2109375,4131.93017578125,12854.7998046875,1864.0999755859375
2022-05-02,33061.5,4155.3798828125,13075.849609375,1882.9100341796875
2022-05-03,33128.7890625,4175.47998046875,13089.900390625,1898.8599853515625
2022-05-04,34061.05859375,4300.169921875,13535.7099609375,1949.9200439453125
2022-05-05,32997.96875,4146.8701171875,12850.5498046875,1871.1500244140625
2022-05-06,32899.37109375,4123.33984375,12693.5302734375,1839.56005859375
2022-05-09,32245.69921875,3991.239990234375,12187.7197265625,1762.0799560546875
2022-05-10,32160.740234375,4001.050048828125,12345.8603515625,1761.7900390625
2022-05-11,31834.109375,3935.179931640625,11967.5595703125,1718.1400146484375
2022-05-12,31730.30078125,3930.080078125,11945.5,1739.3800048828125
2022-05-13,32196.66015625,4023.889892578125,12387.400390625,1792.6700439453125
2022-05-16,32223.419921875,4008.010009765625,12243.580078125,1783.4300537109375
2022-05-17,32654.58984375,4088.85009765625,12564.099609375,1840.300048828125
2022-05-18,31490.0703125,3923.679931640625,11928.3095703125,1774.8499755859375
2022-05-19,31253.130859375,3900.7900390625,11875.6298828125,1776.219970703125
2022-05-20,31261.900390625,3901.360107421875,11835.6201171875,1773.27001953125
2022-05-23,31880.240234375,3973.75,12034.2802734375,1792.760009765625
2022-05-24,31928.619140625,3941.47998046875,11769.83984375,1764.8299560546875
2022-05-25,32120.279296875,3978.72998046875,11943.9296875,1799.1600341796875
2022-05-26,32637.189453125,4057.840087890625,12276.7900390625,1838.239990234375
2022-05-27,33212.9609375,4158.240234375,12681.419921875,1887.9000244140625
2022-05-31,32990.12109375,4132.14990234375,12642.099609375,1864.0400390625
2022-06-01,32813.23046875,4101.22998046875,12548.3603515625,1854.8199462890625
2022-06-02,33248.28125,4176.81982421875,12892.8896484375,1897.6700439453125
2022-06-03,32899.69921875,4108.5400390625,12548.0302734375,1883.050048828125
2022-06-06,32915.78125,4121.43017578125,12599.6298828125,1889.8900146484375
2022-06-07,33180.140625,4160.68017578125,12711.6796875,1919.56005859375
2022-06-08,32910.8984375,4115.77001953125,12615.1298828125,1891.010009765625
2022-06-09,32272.7890625,4017.820068359375,12269.7802734375,1850.8599853515625
2022-06-10,31392.7890625,3900.860107421875,11832.8203125,1800.280029296875
2022-06-13,30516.740234375,3749.6298828125,11288.3203125,1714.5899658203125
2022-06-14,30364.830078125,3735.47998046875,11311.6904296875,1707.8299560546875
2022-06-15,30668.529296875,3789.989990234375,11593.76953125,1731.1400146484375
2022-06-16,29927.0703125,3666.77001953125,11127.5703125,1649.8399658203125
2022-06-17,29888.779296875,3674.840087890625,11265.990234375,1665.68994140625
2022-06-21,30530.25,3764.7900390625,11546.759765625,1694.030029296875
2022-06-22,30483.130859375,3759.889892578125,11527.7099609375,1690.280029296875
2022-06-23,30677.359375,3795.72998046875,11697.6796875,1711.6700439453125
2022-06-24,31500.6796875,3911.739990234375,12105.849609375,1765.739990234375
2022-06-27,31438.259765625,3900.110107421875,12008.240234375,1771.739990234375
2022-06-28,30946.990234375,3821.550048828125,11637.76953125,1738.8399658203125
2022-06-29,31029.310546875,3818.830078125,11658.259765625,1719.3699951171875
2022-06-30,30775.4296875,3785.3798828125,11503.7197265625,1707.989990234375
2022-07-01,31097.259765625,3825.330078125,11585.6796875,1727.760009765625
2022-07-05,30967.8203125,3831.389892578125,11779.900390625,1741.3299560546875
2022-07-06,31037.6796875,3845.080078125,11852.58984375,1727.550048828125
2022-07-07,31384.55078125,3902.6201171875,12109.0498046875,1769.5999755859375
2022-07-08,31338.150390625,3899.3798828125,12125.6904296875,1769.3599853515625
2022-07-11,31173.83984375,3854.429931640625,11860.2802734375,1732.010009765625
2022-07-12,30981.330078125,3818.800048828125,11744.990234375,1728.1800537109375
2022-07-13,30772.7890625,3801.780029296875,11728.5302734375,1726.0400390625
2022-07-14,30630.169921875,3790.3798828125,11768.400390625,1707.510009765625
2022-07-15,31288.259765625,3863.159912109375,11983.6201171875,1744.3699951171875
2022-07-18,31072.609375,3830.85009765625,11877.5,1738.4200439453125
2022-07-19,31827.05078125,3936.68994140625,12249.419921875,1799.3199462890625
2022-07-20,31874.83984375,3959.89990234375,12439.6796875,1827.949951171875
2022-07-21,32036.900390625,3998.949951171875,12619.41015625,1836.68994140625
2022-07-22,31899.2890625,3961.6298828125,12396.4697265625,1806.8800048828125
2022-07-25,31990.0390625,3966.840087890625,12328.41015625,1817.77001953125
2022-07-26,31761.5390625,3921.050048828125,12086.900390625,1805.25
2022-07-27,32197.58984375,4023.610107421875,12601.4697265625,1848.3399658203125
2022-07-28,32529.630859375,4072.429931640625,12717.8701171875,1873.030029296875
2022-07-29,32845.12890625,4130.2900390625,12947.9697265625,1885.22998046875
2022-08-01,32798.3984375,4118.6298828125,12940.7802734375,1883.31005859375
2022-08-02,32396.169921875,4091.18994140625,12901.599609375,1882.449951171875
2022-08-03,32812.5,4155.169921875,13253.259765625,1908.9300537109375
2022-08-04,32726.8203125,4151.93994140625,13311.0400390625,1906.4599609375
2022-08-05,32803.46875,4145.18994140625,13207.6904296875,1921.8199462890625
2022-08-08,32832.5390625,4140.06005859375,13159.16015625,1941.2099609375
2022-08-09,32774.41015625,4122.47021484375,13008.169921875,1912.8900146484375
2022-08-10,33309.51171875,4210.240234375,13378.3203125,1969.25
2022-08-11,33336.671875,4207.27001953125,13291.990234375,1975.260009765625
2022-08-12,33761.05078125,4280.14990234375,13565.8701171875,2016.6199951171875
2022-08-15,33912.44140625,4297.14013671875,13667.1796875,2021.3499755859375
2022-08-16,34152.01171875,4305.2001953125,13635.2099609375,2020.530029296875
2022-08-17,33980.3203125,4274.0400390625,13470.8603515625,1987.31005859375
2022-08-18,33999.0390625,4283.740234375,13505.990234375,2000.72998046875
2022-08-19,33706.73828125,4228.47998046875,13242.900390625,1957.3499755859375
2022-08-22,33063.609375,4137.990234375,12890.5400390625,1915.739990234375
2022-08-23,32909.58984375,4128.72998046875,12881.7900390625,1919.1400146484375
2022-08-24,32969.23046875,4140.77001953125,12917.8603515625,1935.2900390625
2022-08-25,33291.78125,4199.1201171875,13143.580078125,1964.6400146484375
2022-08-26,32283.400390625,4057.659912109375,12605.169921875,1899.8299560546875
2022-08-29,32098.990234375,4030.610107421875,12484.3203125,1882.93994140625
2022-08-30,31790.869140625,3986.159912109375,12342.7001953125,1855.5899658203125
2022-08-31,31510.4296875,3955.0,12272.0302734375,1844.1199951171875
2022-09-01,31656.419921875,3966.85009765625,12274.6201171875,1822.8199462890625
2022-09-02,31318.439453125,3924.260009765625,12098.4404296875,1809.75
2022-09-06,31145.30078125,3908.18994140625,12011.3095703125,1792.3199462890625
2022-09-07,31581.279296875,3979.8701171875,12259.3896484375,1832.0
2022-09-08,31774.51953125,4006.179931640625,12321.1904296875,1846.9100341796875
2022-09-09,32151.7109375,4067.360107421875,12588.2900390625,1882.8499755859375
2022-09-12,32381.33984375,4110.41015625,12739.7197265625,1906.0899658203125
2022-09-13,31104.970703125,3932.68994140625,12033.6201171875,1831.5699462890625
2022-09-14,31135.08984375,3946.010009765625,12134.400390625,1838.4599609375
2022-09-15,30961.8203125,3901.35009765625,11927.490234375,1825.22998046875
2022-09-16,30822.419921875,3873.330078125,11861.3798828125,1798.18994140625
2022-09-19,31019.6796875,3899.889892578125,11953.26953125,1812.8399658203125
2022-09-20,30706.23046875,3855.929931640625,11851.5400390625,1787.5
2022-09-21,30183.779296875,3789.929931640625,11637.7900390625,1762.1600341796875
2022-09-22,30076.6796875,3757.989990234375,11501.650390625,1722.31005859375
2022-09-23,29590.41015625,3693.22998046875,11311.240234375,1679.5899658203125
2022-09-26,29260.810546875,3655.0400390625,11254.1103515625,1655.8800048828125
2022-09-27,29134.990234375,3647.2900390625,11271.75,1662.510009765625
2022-09-28,29683.740234375,3719.0400390625,11493.830078125,1715.239990234375
2022-09-29,29225.609375,3640.469970703125,11164.7802734375,1674.9300537109375
2022-09-30,28725.509765625,3585.6201171875,10971.2197265625,1664.719970703125
2022-10-03,29490.890625,3678.429931640625,11229.73046875,1708.8699951171875
2022-10-04,30316.3203125,3790.929931640625,11582.5400390625,1775.77001953125
2022-10-05,30273.869140625,3783.280029296875,11573.1796875,1762.68994140625
2022-10-06,29926.939453125,3744.52001953125,11485.5,1752.510009765625
2022-10-07,29296.7890625,3639.659912109375,11039.4697265625,1702.1500244140625
2022-10-10,29202.880859375,3612.389892578125,10926.9697265625,1691.9200439453125
2022-10-11,29239.189453125,3588.840087890625,10791.349609375,1692.9200439453125
2022-10-12,29210.849609375,3577.030029296875,10785.6201171875,1687.760009765625
2022-10-13,30038.720703125,3669.909912109375,11033.580078125,1728.4100341796875
2022-10-14,29634.830078125,3583.070068359375,10692.0595703125,1682.4000244140625
2022-10-17,30185.8203125,3677.949951171875,11062.5302734375,1735.75
2022-10-18,30523.80078125,3719.97998046875,11147.740234375,1755.9599609375
2022-10-19,30423.810546875,3695.159912109375,11103.3798828125,1725.760009765625
2022-10-20,30333.58984375,3665.780029296875,11046.7099609375,1704.3900146484375
2022-10-21,31082.560546875,3752.75,11310.330078125,1742.239990234375
2022-10-24,31499.619140625,3797.340087890625,11430.259765625,1748.4000244140625
2022-10-25,31836.740234375,3859.110107421875,11669.990234375,1796.1600341796875
2022-10-26,31839.109375,3830.60009765625,11405.900390625,1804.3299560546875
2022-10-27,32033.279296875,3807.300048828125,11191.6298828125,1806.3199462890625
2022-10-28,32861.80078125,3901.06005859375,11546.2099609375,1846.9200439453125
2022-10-31,32732.94921875,3871.97998046875,11405.5703125,1846.8599853515625
2022-11-01,32653.19921875,3856.10009765625,11288.9501953125,1851.3900146484375
2022-11-02,32147.759765625,3759.68994140625,10906.33984375,1789.1400146484375
2022-11-03,32001.25,3719.889892578125,10690.599609375,1779.72998046875
2022-11-04,32403.220703125,3770.550048828125,10857.0302734375,1799.8699951171875
2022-11-07,32827.0,3806.800048828125,10977.0,1809.81005859375
2022-11-08,33160.828125,3828.110107421875,11059.5,1808.9300537109375
2022-11-09,32513.939453125,3748.570068359375,10797.5498046875,1760.4000244140625
2022-11-10,33715.37109375,3956.3701171875,11605.9599609375,1867.9300537109375
2022-11-11,33747.859375,3992.929931640625,11817.009765625,1882.739990234375
2022-11-14,33536.69921875,3957.25,11700.9404296875,1861.25
2022-11-15,33592.921875,3991.72998046875,11871.150390625,1889.199951171875
2022-11-16,33553.828125,3958.7900390625,11699.08984375,1853.1700439453125
2022-11-17,33546.3203125,3946.56005859375,11676.8603515625,1839.1199951171875
2022-11-18,33745.69140625,3965.340087890625,11677.01953125,1849.72998046875
2022-11-21,33700.28125,3949.93994140625,11553.4501953125,1839.1400146484375
2022-11-22,34098.1015625,4003.580078125,11724.83984375,1860.43994140625
2022-11-23,34194.05859375,4027.260009765625,11838.7197265625,1863.52001953125
2022-11-25,34347.03125,4026.1201171875,11756.0302734375,1869.18994140625
2022-11-28,33849.4609375,3963.93994140625,11587.75,1830.9599609375
2022-11-29,33852.53125,3957.6298828125,11503.4501953125,1836.550048828125
2022-11-30,34589.76953125,4080.110107421875,12030.0595703125,1886.5799560546875
2022-12-01,34395.01171875,4076.570068359375,12041.8896484375,1881.6800537109375
2022-12-02,34429.87890625,4071.699951171875,11994.259765625,1892.8399658203125
2022-12-05,33947.1015625,3998.840087890625,11786.7998046875,1840.219970703125
2022-12-06,33596.33984375,3941.260009765625,11549.6904296875,1812.5799560546875
2022-12-07,33597.921875,3933.919921875,11497.3896484375,1806.9000244140625
2022-12-08,33781.48046875,3963.510009765625,11637.5,1818.2900390625
2022-12-09,33476.4609375,3934.3798828125,11563.330078125,1796.6600341796875
2022-12-12,34005.0390625,3990.56005859375,11706.4404296875,1818.6099853515625
2022-12-13,34108.640625,4019.64990234375,11834.2099609375,1832.3599853515625
2022-12-14,33966.3515625,3995.320068359375,11740.919921875,1820.449951171875
2022-12-15,33202.21875,3895.75,11345.2197265625,1774.6099853515625
2022-12-16,32920.4609375,3852.360107421875,11243.7197265625,1763.4200439453125
2022-12-19,32757.5390625,3817.659912109375,11084.58984375,1738.5799560546875
2022-12-20,32849.73828125,3821.6201171875,11072.419921875,1748.02001953125
2022-12-21,33376.48046875,3878.43994140625,11235.8798828125,1776.93994140625
2022-12-22,33027.48828125,3822.389892578125,10956.1396484375,1754.0899658203125
2022-12-23,33203.9296875,3844.820068359375,10985.4501953125,1760.9300537109375
2022-12-27,33241.55859375,3829.25,10822.509765625,1749.52001953125
2022-12-28,32875.7109375,3783.219970703125,10679.33984375,1722.02001953125
2022-12-29,33220.80078125,3849.280029296875,10951.0498046875,1766.25
2022-12-30,33147.25,3839.5,10939.759765625,1761.25
2023-01-03,33136.37109375,3824.139892578125,10862.6396484375,1750.72998046875
2023-01-04,33269.76953125,3852.969970703125,10914.7998046875,1772.5400390625
2023-01-05,32930.078125,3808.10009765625,10741.2197265625,1753.18994140625
2023-01-06,33630.609375,3895.080078125,11040.349609375,1792.800048828125
2023-01-09,33517.6484375,3892.090087890625,11108.4501953125,1795.9100341796875
2023-01-10,33704.1015625,3919.25,11205.7802734375,1822.6500244140625
2023-01-11,33973.01171875,3969.610107421875,11402.51953125,1844.050048828125
2023-01-12,34189.96875,3983.169921875,11459.6103515625,1876.06005859375
2023-01-13,34302.609375,3999.090087890625,11541.48046875,1887.030029296875
2023-01-17,33910.8515625,3990.969970703125,11557.1904296875,1884.2900390625
2023-01-18,33296.9609375,3928.860107421875,11410.2900390625,1854.3599853515625
2023-01-19,33044.55859375,3898.85009765625,11295.669921875,1836.3499755859375
2023-01-20,33375.48828125,3972.610107421875,11619.0302734375,1867.3399658203125
2023-01-23,33629.55859375,4019.81005859375,11872.5400390625,1890.77001953125
2023-01-24,33733.9609375,4016.949951171875,11846.6396484375,1885.6099853515625
2023-01-25,33743.83984375,4016.219970703125,11814.6904296875,1890.3199462890625
2023-01-26,33949.41015625,4060.429931640625,12051.48046875,1903.06005859375
2023-01-27,33978.078125,4070.56005859375,12166.599609375,1911.4599609375
2023-01-30,33717.08984375,4017.77001953125,11912.3896484375,1885.719970703125
2023-01-31,34086.0390625,4076.60009765625,12101.9296875,1931.93994140625
2023-02-01,34092.9609375,4119.2099609375,12363.099609375,1960.81005859375
2023-02-02,34053.94140625,4179.759765625,12803.1396484375,2001.219970703125
2023-02-03,33926.01171875,4136.47998046875,12573.3603515625,1985.530029296875
2023-02-06,33891.01953125,4111.080078125,12464.509765625,1957.719970703125
2023-02-07,34156.69140625,4164.0,12728.26953125,1972.6099853515625
2023-02-08,33949.01171875,4117.85986328125,12495.3798828125,1942.5999755859375
2023-02-09,33699.87890625,4081.5,12381.169921875,1915.3399658203125
2023-02-10,33869.26953125,4090.4599609375,12304.919921875,1918.81005859375
2023-02-13,34245.9296875,4137.2900390625,12502.3095703125,1941.1400146484375
2023-02-14,34089.26953125,4136.1298828125,12590.8896484375,1939.9100341796875
2023-02-15,34128.05078125,4147.60009765625,12687.8896484375,1960.969970703125
2023-02-16,33696.8515625,4090.409912109375,12442.48046875,1942.2099609375
2023-02-17,33826.69140625,4079.090087890625,12358.1796875,1946.3599853515625
2023-02-21,33129.58984375,3997.340087890625,12060.2998046875,1888.2099609375
2023-02-22,33045.08984375,3991.050048828125,12066.26953125,1894.6800537109375
2023-02-23,33153.91015625,4012.320068359375,12180.1396484375,1908.0899658203125
2023-02-24,32816.921875,3970.0400390625,11969.650390625,1890.489990234375
2023-02-27,32889.08984375,3982.239990234375,12057.7900390625,1896.27001953125
2023-02-28,32656.69921875,3970.14990234375,12042.1201171875,1896.989990234375
2023-03-01,32661.83984375,3951.389892578125,11938.5703125,1898.4300537109375
2023-03-02,33003.5703125,3981.35009765625,12044.8701171875,1902.6600341796875
2023-03-03,33390.96875,4045.639892578125,12290.8095703125,1928.260009765625
2023-03-06,33431.44140625,4048.419921875,12302.48046875,1899.760009765625
2023-03-07,32856.4609375,3986.3701171875,12152.169921875,1878.719970703125
2023-03-08,32798.3984375,3992.010009765625,12215.330078125,1879.47998046875
2023-03-09,32254.859375,3918.320068359375,11995.8798828125,1826.5899658203125
2023-03-10,31909.640625,3861.590087890625,11830.2802734375,1772.699951171875
2023-03-13,31819.140625,3855.760009765625,11923.169921875,1744.300048828125
2023-03-14,32155.400390625,3919.2900390625,12199.7900390625,1776.8900146484375
2023-03-15,31874.5703125,3891.929931640625,12251.3203125,1745.93994140625
2023-03-16,32246.55078125,3960.280029296875,12581.3896484375,1771.239990234375
2023-03-17,31861.98046875,3916.639892578125,12519.8798828125,1725.8900146484375
2023-03-20,32244.580078125,3951.570068359375,12562.6103515625,1744.989990234375
2023-03-21,32560.599609375,4002.8701171875,12741.4404296875,1777.739990234375
2023-03-22,32030.109375,3936.969970703125,12567.150390625,1727.3599853515625
2023-03-23,32105.25,3948.719970703125,12729.23046875,1720.2900390625
2023-03-24,32237.529296875,3970.989990234375,12767.0498046875,1734.9200439453125
2023-03-27,32432.080078125,3977.530029296875,12673.0703125,1753.6700439453125
2023-03-28,32394.25,3971.27001953125,12610.5703125,1752.6300048828125
2023-03-29,32717.599609375,4027.81005859375,12846.0302734375,1771.5999755859375
2023-03-30,32859.03125,4050.830078125,12963.1396484375,1768.3800048828125
2023-03-31,33274.1484375,4109.31005859375,13181.349609375,1802.47998046875
2023-04-03,33601.1484375,4124.509765625,13148.349609375,1802.31005859375
2023-04-04,33402.37890625,4100.60009765625,13100.080078125,1769.6500244140625
2023-04-05,33482.71875,4090.3798828125,12967.2001953125,1752.1300048828125
2023-04-06,33485.2890625,4105.02001953125,13062.599609375,1754.4599609375
2023-04-10,33586.51953125,4109.10986328125,13051.23046875,1772.43994140625
2023-04-11,33684.7890625,4108.93994140625,12964.150390625,1786.5899658203125
2023-04-12,33646.5,4091.949951171875,12848.349609375,1773.699951171875
2023-04-13,34029.69140625,4146.22021484375,13109.3896484375,1796.6800537109375
2023-04-14,33886.46875,4137.64013671875,13079.51953125,1781.1500244140625
2023-04-17,33987.1796875,4151.31982421875,13087.7099609375,1802.8399658203125
2023-04-18,33976.62890625,4154.8701171875,13091.7900390625,1795.550048828125
2023-04-19,33897.01171875,4154.52001953125,13088.7099609375,1799.43994140625
2023-04-20,33786.62109375,4129.7900390625,12985.98046875,1789.699951171875
2023-04-21,33808.9609375,4133.52001953125,13000.76953125,1791.510009765625
2023-04-24,33875.3984375,4137.0400390625,12969.759765625,1788.8699951171875
2023-04-25,33530.828125,4071.6298828125,12725.1103515625,1745.949951171875
2023-04-26,33301.87109375,4055.989990234375,12806.48046875,1730.4100341796875
2023-04-27,33826.16015625,4135.35009765625,13160.0302734375,1751.219970703125
2023-04-28,34098.16015625,4169.47998046875,13245.990234375,1768.989990234375
2023-05-01,34051.69921875,4167.8701171875,13231.4697265625,1769.2099609375
2023-05-02,33684.53125,4119.580078125,13113.66015625,1732.1099853515625
2023-05-03,33414.23828125,4090.75,13030.2099609375,1739.280029296875
2023-05-04,33127.73828125,4061.219970703125,12982.48046875,1718.81005859375
2023-05-05,33674.37890625,4136.25,13259.1298828125,1759.8800048828125
2023-05-08,33618.69140625,4138.1201171875,13291.6396484375,1754.469970703125
2023-05-09,33561.80859375,4119.169921875,13201.1103515625,1749.6800537109375
2023-05-10,33531.328125,4137.64013671875,13347.830078125,1759.510009765625
2023-05-11,33309.51171875,4130.6201171875,13389.7802734375,1744.7099609375
2023-05-12,33300.62109375,4124.080078125,13340.1796875,1740.8499755859375
2023-05-15,33348.6015625,4136.27978515625,13413.509765625,1761.550048828125
2023-05-16,33012.140625,4109.89990234375,13426.009765625,1736.1800537109375
2023-05-17,33420.76953125,4158.77001953125,13589.259765625,1774.5
2023-05-18,33535.91015625,4198.0498046875,13834.6201171875,1784.8599853515625
2023-05-19,33426.62890625,4191.97998046875,13803.490234375,1773.719970703125
2023-05-22,33286.578125,4192.6298828125,13849.740234375,1795.3800048828125
2023-05-23,33055.51171875,4145.580078125,13672.5400390625,1787.7099609375
2023-05-24,32799.921875,4115.240234375,13604.48046875,1767.0
2023-05-25,32764.650390625,4151.27978515625,13938.5302734375,1754.5999755859375
2023-05-26,33093.33984375,4205.4501953125,14298.41015625,1773.02001953125
2023-05-30,33042.78125,4205.52001953125,14354.990234375,1767.2900390625
2023-05-31,32908.26953125,4179.830078125,14254.08984375,1749.6500244140625
2023-06-01,33061.5703125,4221.02001953125,14441.509765625,1767.93994140625
2023-06-02,33762.76171875,4282.3701171875,14546.6396484375,1830.9100341796875
2023-06-05,33562.859375,4273.7900390625,14556.5,1806.7099609375
2023-06-06,33573.28125,4283.85009765625,14558.08984375,1855.4000244140625
2023-06-07,33665.01953125,4267.52001953125,14303.2900390625,1888.449951171875
2023-06-08,33833.609375,4293.93017578125,14484.5400390625,1880.780029296875
2023-06-09,33876.78125,4298.85986328125,14528.3603515625,1865.7099609375
2023-06-12,34066.328125,4338.93017578125,14784.2998046875,1873.2099609375
2023-06-13,34212.12109375,4369.009765625,14900.849609375,1896.3299560546875
2023-06-14,33979.328125,4372.58984375,15005.6904296875,1874.0999755859375
2023-06-15,34408.05859375,4425.83984375,15185.48046875,1889.280029296875
2023-06-16,34299.12109375,4409.58984375,15083.919921875,1875.469970703125
2023-06-20,34053.87109375,4388.7099609375,15070.150390625,1866.699951171875
2023-06-21,33951.51953125,4365.68994140625,14867.4501953125,1863.010009765625
2023-06-22,33946.7109375,4381.89013671875,15042.3203125,1848.1800537109375
2023-06-23,33727.4296875,4348.330078125,14891.48046875,1821.6300048828125
2023-06-26,33714.7109375,4328.81982421875,14689.01953125,1823.260009765625
2023-06-27,33926.73828125,4378.41015625,14945.91015625,1849.9300537109375
2023-06-28,33852.66015625,4376.85986328125,14964.5703125,1858.7099609375
2023-06-29,34122.421875,4396.43994140625,14939.9501953125,1881.5899658203125
2023-06-30,34407.6015625,4450.3798828125,15179.2099609375,1888.72998046875
2023-07-03,34418.46875,4455.58984375,15208.6904296875,1896.780029296875
2023-07-05,34288.640625,4446.81982421875,15203.7802734375,1872.9100341796875
2023-07-06,33922.26171875,4411.58984375,15089.4501953125,1842.22998046875
2023-07-07,33734.87890625,4398.9501953125,15036.849609375,1864.6600341796875
2023-07-10,33944.3984375,4409.52978515625,15045.6396484375,1895.25
2023-07-11,34261.421875,4439.259765625,15119.0595703125,1913.3599853515625
2023-07-12,34347.4296875,4472.16015625,15307.23046875,1933.3800048828125
2023-07-13,34395.140625,4510.0400390625,15571.98046875,1950.8900146484375
2023-07-14,34509.03125,4505.419921875,15565.599609375,1931.0899658203125
2023-07-17,34585.3515625,4522.7900390625,15713.2802734375,1951.27001953125
2023-07-18,34951.9296875,4554.97998046875,15841.349609375,1976.0699462890625
2023-07-19,35061.2109375,4565.72021484375,15826.349609375,1984.8900146484375
2023-07-20,35225.1796875,4534.8701171875,15466.08984375,1967.1600341796875
2023-07-21,35227.69140625,4536.33984375,15425.669921875,1960.260009765625
2023-07-24,35411.23828125,4554.64013671875,15448.01953125,1965.6800537109375
2023-07-25,35438.0703125,4567.4599609375,15561.419921875,1966.1099853515625
2023-07-26,35520.12109375,4566.75,15499.259765625,1980.3599853515625
2023-07-27,35282.71875,4537.41015625,15464.9296875,1954.9000244140625
2023-07-28,35459.2890625,4582.22998046875,15750.9296875,1981.5400390625
2023-07-31,35559.53125,4588.9599609375,15757.0,2003.1800537109375
2023-08-01,35630.6796875,4576.72998046875,15718.009765625,1994.1700439453125
2023-08-02,35282.51953125,4513.39013671875,15370.740234375,1966.8299560546875
2023-08-03,35215.890625,4501.89013671875,15353.5400390625,1961.4000244140625
2023-08-04,35065.62109375,4478.02978515625,15274.919921875,1957.4599609375
2023-08-07,35473.12890625,4518.43994140625,15407.849609375,1958.93994140625
2023-08-08,35314.48828125,4499.3798828125,15273.0498046875,1947.4200439453125
2023-08-09,35123.359375,4467.7099609375,15101.7099609375,1930.77001953125
2023-08-10,35176.1484375,4468.830078125,15128.83984375,1922.6199951171875
2023-08-11,35281.3984375,4464.0498046875,15028.0703125,1925.1099853515625
2023-08-14,35307.62890625,4489.72021484375,15205.58984375,1920.489990234375
2023-08-15,34946.390625,4437.85986328125,15037.650390625,1895.75
2023-08-16,34765.73828125,4404.330078125,14876.4697265625,1871.52001953125
2023-08-17,34474.828125,4370.35986328125,14715.8095703125,1850.06005859375
2023-08-18,34500.66015625,4369.7099609375,14694.83984375,1859.4200439453125
2023-08-21,34463.69140625,4399.77001953125,14936.6904296875,1856.010009765625
2023-08-22,34288.828125,4387.5498046875,14908.9599609375,1850.8399658203125
2023-08-23,34472.98046875,4436.009765625,15148.0595703125,1870.030029296875
2023-08-24,34099.421875,4376.31005859375,14816.4404296875,1846.280029296875
2023-08-25,34346.8984375,4405.7099609375,14941.830078125,1853.6300048828125
2023-08-28,34559.98046875,4433.31005859375,15052.4599609375,1869.010009765625
2023-08-29,34852.671875,4497.6298828125,15376.5498046875,1895.5400390625
2023-08-30,34890.23828125,4514.8701171875,15462.4296875,1903.2099609375
2023-08-31,34721.91015625,4507.66015625,15501.0703125,1899.6800537109375
2023-09-01,34837.7109375,4515.77001953125,15490.8603515625,1920.8299560546875
2023-09-05,34641.96875,4496.830078125,15508.240234375,1880.449951171875
2023-09-06,34443.19140625,4465.47998046875,15371.4404296875,1874.280029296875
2023-09-07,34500.73046875,4451.14013671875,15258.51953125,1855.760009765625
2023-09-08,34576.58984375,4457.490234375,15280.23046875,1851.5400390625
2023-09-11,34663.71875,4487.4599609375,15461.8701171875,1855.1400146484375
2023-09-12,34645.98828125,4461.89990234375,15289.740234375,1855.3199462890625
2023-09-13,34575.53125,4467.43994140625,15348.5302734375,1840.8399658203125
2023-09-14,34907.109375,4505.10009765625,15473.8896484375,1866.6300048828125
2023-09-15,34618.23828125,4450.31982421875,15202.400390625,1847.030029296875
2023-09-18,34624.30078125,4453.52978515625,15225.3701171875,1834.300048828125
2023-09-19,34517.73046875,4443.9501953125,15191.23046875,1826.530029296875
2023-09-20,34440.87890625,4402.2001953125,14969.919921875,1810.0999755859375
2023-09-21,34070.421875,4330.0,14694.240234375,1781.8299560546875
2023-09-22,33963.83984375,4320.06005859375,14701.099609375,1776.5
2023-09-25,34006.87890625,4337.43994140625,14768.900390625,1784.239990234375
2023-09-26,33618.87890625,4273.52978515625,14545.830078125,1761.6099853515625
2023-09-27,33550.26953125,4274.509765625,14580.16015625,1778.9000244140625
2023-09-28,33666.33984375,4299.7001953125,14702.76953125,1794.31005859375
2023-09-29,33507.5,4288.0498046875,14715.240234375,1785.0999755859375
2023-10-02,33433.3515625,4288.39013671875,14837.5703125,1756.8199462890625
2023-10-03,33002.37890625,4229.4501953125,14565.6201171875,1727.1500244140625
2023-10-04,33129.55078125,4263.75,14776.25,1729.010009765625
2023-10-05,33119.5703125,4258.18994140625,14723.2197265625,1731.510009765625
2023-10-06,33407.578125,4308.5,14973.240234375,1745.56005859375
2023-10-09,33604.6484375,4335.66015625,15047.150390625,1755.989990234375
2023-10-10,33739.30078125,4358.240234375,15131.51953125,1775.949951171875
2023-10-11,33804.87109375,4376.9501953125,15241.1201171875,1773.300048828125
2023-10-12,33631.140625,4349.60986328125,15184.099609375,1734.25
2023-10-13,33670.2890625,4327.77978515625,14995.1201171875,1719.7099609375
2023-10-16,33984.5390625,4373.6298828125,15172.73046875,1747.06005859375
2023-10-17,33997.6484375,4373.2001953125,15122.009765625,1766.050048828125
2023-10-18,33665.078125,4314.60009765625,14909.259765625,1728.81005859375
2023-10-19,33414.171875,4278.0,14783.1298828125,1702.699951171875
2023-10-20,33127.28125,4224.16015625,14560.8798828125,1680.7900390625
2023-10-23,32936.41015625,4217.0400390625,14604.849609375,1665.8800048828125
2023-10-24,33141.37890625,4247.68017578125,14745.8603515625,1679.5
2023-10-25,33035.9296875,4186.77001953125,14381.6396484375,1651.4300537109375
2023-10-26,32784.30078125,4137.22998046875,14109.5703125,1657.0
2023-10-27,32417.58984375,4117.3701171875,14180.419921875,1636.93994140625
2023-10-30,32928.9609375,4166.81982421875,14335.509765625,1647.2900390625
2023-10-31,33052.87109375,4193.7998046875,14409.7802734375,1662.280029296875
2023-11-01,33274.578125,4237.85986328125,14664.91015625,1669.699951171875
2023-11-02,33839.078125,4317.77978515625,14919.5498046875,1714.2099609375
2023-11-03,34061.3203125,4358.33984375,15099.490234375,1760.699951171875
2023-11-06,34095.859375,4365.97998046875,15154.9296875,1737.93994140625
2023-11-07,34152.6015625,4378.3798828125,15296.01953125,1733.1500244140625
2023-11-08,34112.26953125,4382.77978515625,15313.240234375,1714.0699462890625
2023-11-09,33891.94140625,4347.35009765625,15187.900390625,1687.239990234375
2023-11-10,34283.1015625,4415.240234375,15529.1201171875,1705.3199462890625
2023-11-13,34337.87109375,4411.5498046875,15482.7900390625,1705.5
2023-11-14,34827.69921875,4495.7001953125,15812.4697265625,1798.3199462890625
2023-11-15,34991.2109375,4502.8798828125,15817.1796875,1801.219970703125
2023-11-16,34945.46875,4508.240234375,15833.169921875,1773.760009765625
2023-11-17,34947.28125,4514.02001953125,15837.990234375,1797.77001953125
2023-11-20,35151.0390625,4547.3798828125,16027.0595703125,1807.0799560546875
2023-11-21,35088.2890625,4538.18994140625,15933.6201171875,1783.260009765625
2023-11-22,35273.03125,4556.6201171875,16001.3896484375,1795.5400390625
2023-11-24,35390.1484375,4559.33984375,15982.009765625,1807.5
2023-11-27,35333.46875,4550.43017578125,15961.98046875,1801.1500244140625
2023-11-28,35416.98046875,4554.89013671875,16010.4296875,1792.81005859375
2023-11-29,35430.421875,4550.580078125,15987.599609375,1803.81005859375
2023-11-30,35950.890625,4567.7998046875,15947.8701171875,1809.02001953125
2023-12-01,36245.5,4594.6298828125,15997.580078125,1862.6400146484375
2023-12-04,36204.44140625,4569.77978515625,15839.669921875,1882.02001953125
2023-12-05,36124.55859375,4567.18017578125,15877.7099609375,1856.0400390625
2023-12-06,36054.4296875,4549.33984375,15788.0498046875,1852.050048828125
2023-12-07,36117.37890625,4585.58984375,16022.490234375,1868.25
2023-12-08,36247.87109375,4604.3701171875,16084.6904296875,1880.8199462890625
2023-12-11,36404.9296875,4622.43994140625,16221.73046875,1883.6800537109375
2023-12-12,36577.94140625,4643.7001953125,16354.25,1881.27001953125
2023-12-13,37090.23828125,4707.08984375,16562.369140625,1947.510009765625
2023-12-14,37248.3515625,4719.5498046875,16537.830078125,2000.510009765625
2023-12-15,37305.16015625,4719.18994140625,16623.44921875,1985.1300048828125
2023-12-18,37306.01953125,4740.56005859375,16729.80078125,1982.4200439453125
2023-12-19,37557.921875,4768.3701171875,16811.849609375,2020.949951171875
2023-12-20,37082.0,4698.35009765625,16554.16015625,1982.8399658203125
2023-12-21,37404.3515625,4746.75,16757.41015625,2017.06005859375
2023-12-22,37385.96875,4754.6298828125,16777.400390625,2033.9599609375
2023-12-26,37545.328125,4774.75,16878.4609375,2059.18994140625
2023-12-27,37656.51953125,4781.580078125,16906.80078125,2066.2099609375
2023-12-28,37710.1015625,4783.35009765625,16898.470703125,2058.340087890625
2023-12-29,37689.5390625,4769.830078125,16825.9296875,2027.0699462890625
2024-01-02,37715.0390625,4742.830078125,16543.939453125,2012.800048828125
2024-01-03,37430.19140625,4704.81005859375,16368.490234375,1959.199951171875
2024-01-04,37440.33984375,4688.68017578125,16282.009765625,1957.72998046875
2024-01-05,37466.109375,4697.240234375,16305.98046875,1951.1400146484375
2024-01-08,37683.01171875,4763.5400390625,16649.869140625,1989.010009765625
2024-01-09,37525.16015625,4756.5,16678.69921875,1968.0400390625
2024-01-10,37695.73046875,4783.4501953125,16793.05078125,1970.260009765625
2024-01-11,37711.01953125,4780.240234375,16820.900390625,1955.4599609375
2024-01-12,37592.98046875,4783.830078125,16832.919921875,1950.9599609375
2024-01-16,37361.12109375,4765.97998046875,16830.7109375,1927.300048828125
2024-01-17,37266.671875,4739.2099609375,16736.279296875,1913.1700439453125
2024-01-18,37468.609375,4780.93994140625,16982.2890625,1923.6500244140625
2024-01-19,37863.80078125,4839.81005859375,17314.0,1944.3900146484375
2024-01-22,38001.80859375,4850.43017578125,17330.380859375,1983.3800048828125
2024-01-23,37905.44921875,4864.60009765625,17404.2109375,1976.27001953125
2024-01-24,37806.390625,4868.5498046875,17499.30078125,1961.8599853515625
2024-01-25,38049.12890625,4894.16015625,17516.990234375,1975.8800048828125
2024-01-26,38109.4296875,4890.97021484375,17421.009765625,1978.3299560546875
2024-01-29,38333.44921875,4927.93017578125,17596.26953125,2011.4200439453125
2024-01-30,38467.30859375,4924.97021484375,17476.7109375,1996.239990234375
2024-01-31,38150.30078125,4845.64990234375,17137.240234375,1947.3399658203125
2024-02-01,38519.83984375,4906.18994140625,17344.7109375,1974.4200439453125
2024-02-02,38654.421875,4958.60986328125,17642.73046875,1962.72998046875
2024-02-05,38380.12109375,4942.81005859375,17613.0390625,1937.239990234375
2024-02-06,38521.359375,4954.22998046875,17572.73046875,1953.6300048828125
2024-02-07,38677.359375,4995.06005859375,17755.0703125,1950.3599853515625
2024-02-08,38726.328125,4997.91015625,17783.169921875,1979.699951171875
2024-02-09,38671.69140625,5026.60986328125,17962.41015625,2009.989990234375
2024-02-12,38797.37890625,5021.83984375,17882.66015625,2045.260009765625
2024-02-13,38272.75,4953.169921875,17600.419921875,1964.1700439453125
2024-02-14,38424.26953125,5000.6201171875,17807.630859375,2012.0999755859375
2024-02-15,38773.12109375,5029.72998046875,17845.720703125,2061.47998046875
2024-02-16,38627.98828125,5005.56982421875,17685.98046875,2045.1400146484375
2024-02-20,38563.80078125,4975.509765625,17546.099609375,2004.1400146484375
2024-02-21,38612.23828125,4981.7998046875,17478.91015625,1994.739990234375
2024-02-22,39069.109375,5087.02978515625,18004.69921875,2013.8399658203125
2024-02-23,39131.53125,5088.7998046875,17937.609375,2016.68994140625
2024-02-26,39069.23046875,5069.52978515625,17933.330078125,2028.969970703125
2024-02-27,38972.41015625,5078.18017578125,17971.05078125,2056.110107421875
2024-02-28,38949.01953125,5069.759765625,17874.5,2040.31005859375
2024-02-29,38996.390625,5096.27001953125,18043.849609375,2054.840087890625
2024-03-01,39087.37890625,5137.080078125,18302.91015625,2076.389892578125
2024-03-04,38989.828125,5130.9501953125,18226.48046875,2074.31005859375
2024-03-05,38585.19140625,5078.64990234375,17897.869140625,2053.7099609375
2024-03-06,38661.05078125,5104.759765625,18017.5703125,2068.090087890625
2024-03-07,38791.3515625,5157.35986328125,18297.990234375,2084.739990234375
2024-03-08,38722.69140625,5123.68994140625,18018.44921875,2082.7099609375
2024-03-11,38769.66015625,5117.93994140625,17951.689453125,2065.8798828125
2024-03-12,39005.48828125,5175.27001953125,18219.109375,2065.47998046875
2024-03-13,39043.3203125,5165.31005859375,18068.470703125,2071.7099609375
2024-03-14,38905.66015625,5150.47998046875,18014.810546875,2031.1800537109375
2024-03-15,38714.76953125,5117.08984375,17808.25,2039.3199462890625
2024-03-18,38790.4296875,5149.419921875,17985.009765625,2024.739990234375
2024-03-19,39110.76171875,5178.509765625,18032.19921875,2035.7099609375
2024-03-20,39512.12890625,5224.6201171875,18240.109375,2074.8798828125
2024-03-21,39781.37109375,5241.52978515625,18320.380859375,2098.56005859375
2024-03-22,39475.8984375,5234.18017578125,18339.439453125,2072.0
2024-03-25,39313.640625,5218.18994140625,18277.060546875,2074.159912109375
2024-03-26,39282.328125,5203.580078125,18210.5390625,2070.159912109375
2024-03-27,39760.078125,5248.490234375,18280.83984375,2114.35009765625
2024-03-28,39807.37109375,5254.35009765625,18254.689453125,2124.550048828125
2024-04-01,39566.8515625,5243.77001953125,18293.19921875,2102.840087890625
2024-04-02,39170.23828125,5205.81005859375,18121.779296875,2065.0400390625
2024-04-03,39127.140625,5211.490234375,18160.189453125,2076.199951171875
2024-04-04,38596.98046875,5147.2099609375,17878.779296875,2053.830078125
2024-04-05,38904.0390625,5204.33984375,18108.4609375,2063.469970703125
2024-04-08,38892.80078125,5202.39013671875,18100.189453125,2073.7099609375
2024-04-09,38883.671875,5209.91015625,18169.900390625,2080.800048828125
2024-04-10,38461.51171875,5160.64013671875,18011.66015625,2028.3900146484375
2024-04-11,38459.078125,5199.06005859375,18307.98046875,2042.5999755859375
2024-04-12,37983.23828125,5123.41015625,18003.490234375,2003.1700439453125
2024-04-15,37735.109375,5061.81982421875,17706.830078125,1975.7099609375
2024-04-16,37798.96875,5051.41015625,17713.66015625,1967.47998046875
2024-04-17,37753.30859375,5022.2099609375,17493.619140625,1947.949951171875
2024-04-18,37775.37890625,5011.1201171875,17394.310546875,1942.9599609375
2024-04-19,37986.3984375,4967.22998046875,17037.650390625,1947.6600341796875
2024-04-22,38239.98046875,5010.60009765625,17210.890625,1967.469970703125
2024-04-23,38503.69140625,5070.5498046875,17471.470703125,2002.6400146484375
2024-04-24,38460.921875,5071.6298828125,17526.80078125,1995.4300537109375
2024-04-25,38085.80078125,5048.419921875,17430.5,1981.1199951171875
2024-04-26,38239.66015625,5099.9599609375,17718.30078125,2002.0
2024-04-29,38386.08984375,5116.169921875,17782.720703125,2016.030029296875
2024-04-30,37815.921875,5035.68994140625,17440.689453125,1973.9100341796875
2024-05-01,37903.2890625,5018.39013671875,17318.55078125,1980.22998046875
2024-05-02,38225.66015625,5064.2001953125,17541.5390625,2016.1099853515625
2024-05-03,38675.6796875,5127.7900390625,17890.80078125,2035.719970703125
2024-05-06,38852.26953125,5180.740234375,18093.5703125,2060.669921875
2024-05-07,38884.26171875,5187.7001953125,18091.44921875,2064.64990234375
2024-05-08,39056.390625,5187.669921875,18085.009765625,2055.139892578125
2024-05-09,39387.76171875,5214.080078125,18113.4609375,2073.6298828125
2024-05-10,39512.83984375,5222.68017578125,18161.1796875,2059.780029296875
2024-05-13,39431.51171875,5221.419921875,18198.609375,2062.1201171875
2024-05-14,39558.109375,5246.68017578125,18322.76953125,2085.68994140625
2024-05-15,39908.0,5308.14990234375,18596.650390625,2109.4599609375
2024-05-16,39869.37890625,5297.10009765625,18557.9609375,2096.25
2024-05-17,40003.58984375,5303.27001953125,18546.23046875,2095.719970703125
2024-05-20,39806.76953125,5308.1298828125,18674.189453125,2102.5
2024-05-21,39872.98828125,5321.41015625,18713.80078125,2098.360107421875
2024-05-22,39671.0390625,5307.009765625,18705.19921875,2081.7099609375
2024-05-23,39065.26171875,5267.83984375,18623.390625,2048.409912109375
2024-05-24,39069.58984375,5304.72021484375,18808.349609375,2069.669921875
2024-05-28,38852.859375,5306.0400390625,18869.439453125,2066.85009765625
2024-05-29,38441.5390625,5266.9501953125,18736.75,2036.18994140625
2024-05-30,38111.48046875,5235.47998046875,18538.66015625,2056.60009765625
2024-05-31,38686.3203125,5277.509765625,18536.650390625,2070.1298828125
2024-06-03,38571.03125,5283.39990234375,18600.970703125,2059.679931640625
2024-06-04,38711.2890625,5291.33984375,18654.83984375,2033.93994140625
2024-06-05,38807.328125,5354.02978515625,19035.05078125,2063.8701171875
2024-06-06,38886.171875,5352.9599609375,19021.189453125,2049.43994140625
2024-06-07,38798.98828125,5346.990234375,19000.94921875,2026.550048828125
2024-06-10,38868.0390625,5360.7900390625,19074.669921875,2031.6099853515625
2024-06-11,38747.421875,5375.31982421875,19210.1796875,2024.3499755859375
2024-06-12,38712.2109375,5421.02978515625,19465.1796875,2057.10009765625
2024-06-13,38647.1015625,5433.740234375,19576.919921875,2038.9100341796875
2024-06-14,38589.16015625,5431.60009765625,19659.80078125,2006.1600341796875
2024-06-17,38778.1015625,5473.22998046875,19902.75,2022.010009765625
2024-06-18,38834.859375,5487.02978515625,19908.859375,2025.22998046875
2024-06-20,39134.76171875,5473.169921875,19752.30078125,2017.3900146484375
2024-06-21,39150.328125,5464.6201171875,19700.4296875,2022.030029296875
2024-06-24,39411.2109375,5447.8701171875,19474.619140625,2030.81005859375
2024-06-25,39112.16015625,5469.2998046875,19701.130859375,2022.3499755859375
2024-06-26,39127.80078125,5477.89990234375,19751.05078125,2018.1199951171875
2024-06-27,39164.05859375,5482.8701171875,19789.029296875,2038.3399658203125
2024-06-28,39118.859375,5460.47998046875,19682.869140625,2047.68994140625
2024-07-01,39169.51953125,5475.08984375,19812.220703125,2030.0699462890625
2024-07-02,39331.8515625,5509.009765625,20011.890625,2033.8699951171875
2024-07-03,39308.0,5537.02001953125,20186.630859375,2036.6199951171875
2024-07-05,39375.87109375,5567.18994140625,20391.970703125,2026.72998046875
2024-07-08,39344.7890625,5572.85009765625,20439.5390625,2038.6700439453125
2024-07-09,39291.96875,5576.97998046875,20453.01953125,2029.469970703125
2024-07-10,39721.359375,5633.91015625,20675.380859375,2051.75
2024-07-11,39753.75,5584.5400390625,20211.359375,2125.0400390625
2024-07-12,40000.8984375,5615.35009765625,20331.490234375,2148.27001953125
2024-07-15,40211.71875,5631.22021484375,20386.880859375,2187.02001953125
2024-07-16,40954.48046875,5667.2001953125,20398.619140625,2263.669921875
2024-07-17,41198.078125,5588.27001953125,19799.140625,2239.669921875
2024-07-18,40665.01953125,5544.58984375,19705.08984375,2198.2900390625
2024-07-19,40287.53125,5505.0,19522.619140625,2184.35009765625
2024-07-22,40415.44140625,5564.41015625,19822.869140625,2220.64990234375
2024-07-23,40358.08984375,5555.740234375,19754.33984375,2243.27001953125
2024-07-24,39853.87109375,5427.1298828125,19032.390625,2195.3701171875
2024-07-25,39935.0703125,5399.22021484375,18830.580078125,2222.97998046875
2024-07-26,40589.33984375,5459.10009765625,19023.66015625,2260.070068359375
2024-07-29,40539.9296875,5463.5400390625,19059.490234375,2235.330078125
2024-07-30,40743.328125,5436.43994140625,18796.26953125,2243.139892578125
2024-07-31,40842.7890625,5522.2998046875,19362.4296875,2254.47998046875
2024-08-01,40347.96875,5446.68017578125,18890.390625,2186.159912109375
2024-08-02,39737.26171875,5346.56005859375,18440.849609375,2109.31005859375
2024-08-05,38703.26953125,5186.330078125,17895.16015625,2039.1600341796875
2024-08-06,38997.66015625,5240.02978515625,18077.919921875,2064.300048828125
2024-08-07,38763.44921875,5199.5,17867.369140625,2035.1099853515625
2024-08-08,39446.48828125,5319.31005859375,18413.8203125,2084.419921875
2024-08-09,39497.5390625,5344.16015625,18513.099609375,2080.919921875
2024-08-12,39357.01171875,5344.39013671875,18542.029296875,2062.080078125
2024-08-13,39765.640625,5434.43017578125,19006.4296875,2095.18994140625
2024-08-14,40008.390625,5455.2099609375,19022.6796875,2084.320068359375
2024-08-15,40563.05859375,5543.22021484375,19490.150390625,2135.469970703125
2024-08-16,40659.76171875,5554.25,19508.51953125,2141.919921875
2024-08-19,40896.53125,5608.25,19766.490234375,2167.5
2024-08-20,40834.96875,5597.1201171875,19719.8203125,2142.18994140625
2024-08-21,40890.48828125,5620.85009765625,19824.83984375,2170.56005859375
2024-08-22,40712.78125,5570.64013671875,19491.83984375,2150.030029296875
2024-08-23,41175.078125,5634.60986328125,19720.869140625,2218.699951171875
2024-08-26,41240.51953125,5616.83984375,19516.439453125,2217.919921875
2024-08-27,41250.5,5625.7998046875,19581.51953125,2203.0
2024-08-28,41091.421875,5592.18017578125,19350.779296875,2188.639892578125
2024-08-29,41335.05078125,5591.9599609375,19325.44921875,2202.97998046875
2024-08-30,41563.078125,5648.39990234375,19574.640625,2217.6298828125
2024-09-03,40936.9296875,5528.93017578125,18958.740234375,2149.2099609375
2024-09-04,40974.96875,5520.06982421875,18921.400390625,2145.219970703125
2024-09-05,40755.75,5503.41015625,18930.330078125,2132.050048828125
2024-09-06,40345.41015625,5408.419921875,18421.310546875,2091.409912109375
2024-09-09,40829.58984375,5471.0498046875,18660.779296875,2097.780029296875
2024-09-10,40736.9609375,5495.52001953125,18829.140625,2097.43994140625
2024-09-11,40861.7109375,5554.1298828125,19237.30078125,2103.85009765625
2024-09-12,41096.76953125,5595.759765625,19423.0703125,2129.429931640625
2024-09-13,41393.78125,5626.02001953125,19514.58984375,2182.489990234375
2024-09-16,41622.078125,5633.08984375,19423.060546875,2189.169921875
2024-09-17,41606.1796875,5634.580078125,19432.400390625,2205.47998046875
2024-09-18,41503.1015625,5618.259765625,19344.490234375,2206.340087890625
2024-09-19,42025.19140625,5713.64013671875,19839.830078125,2252.7099609375
2024-09-20,42063.359375,5702.5498046875,19791.490234375,2227.889892578125
2024-09-23,42124.6484375,5718.56982421875,19852.19921875,2220.280029296875
2024-09-24,42208.21875,5732.93017578125,19944.83984375,2223.989990234375
2024-09-25,41914.75,5722.259765625,19972.609375,2197.449951171875
2024-09-26,42175.109375,5745.3701171875,20115.5390625,2209.8701171875
2024-09-27,42313.0,5738.169921875,20008.619140625,2224.699951171875
2024-09-30,42330.1484375,5762.47998046875,20060.689453125,2229.969970703125
2024-10-01,42156.96875,5708.75,19773.30078125,2197.030029296875
2024-10-02,42196.51953125,5709.5400390625,19802.58984375,2195.010009765625
2024-10-03,42011.58984375,5699.93994140625,19793.33984375,2180.14990234375
2024-10-04,42352.75,5751.06982421875,20035.01953125,2212.800048828125
2024-10-07,41954.23828125,5695.93994140625,19800.740234375,2193.090087890625
2024-10-08,42080.37109375,5751.1298828125,20107.779296875,2194.97998046875
2024-10-09,42512.0,5792.0400390625,20268.859375,2200.590087890625
2024-10-10,42454.12109375,5780.0498046875,20241.759765625,2188.419921875
2024-10-11,42863.859375,5815.02978515625,20271.970703125,2234.409912109375
2024-10-14,43065.21875,5859.85009765625,20439.05078125,2248.639892578125
2024-10-15,42740.421875,5815.259765625,20159.830078125,2249.820068359375
2024-10-16,43077.69921875,5842.47021484375,20174.05078125,2286.679931640625
2024-10-17,43239.05078125,5841.47021484375,20190.419921875,2280.85009765625
2024-10-18,43275.91015625,5864.669921875,20324.0390625,2276.090087890625
2024-10-21,42931.6015625,5853.97998046875,20361.470703125,2239.7099609375
2024-10-22,42924.890625,5851.2001953125,20390.4609375,2231.530029296875
2024-10-23,42514.94921875,5797.419921875,20066.9609375,2213.840087890625
2024-10-24,42374.359375,5809.85986328125,20232.869140625,2218.919921875
2024-10-25,42114.3984375,5808.1201171875,20352.01953125,2207.989990234375
2024-10-28,42387.5703125,5823.52001953125,20351.0703125,2244.070068359375
2024-10-29,42233.05078125,5832.919921875,20550.650390625,2238.090087890625
2024-10-30,42141.5390625,5813.669921875,20387.69921875,2233.0400390625
2024-10-31,41763.4609375,5705.4501953125,19890.419921875,2196.64990234375
2024-11-01,42052.19140625,5728.7998046875,20033.140625,2210.1298828125
2024-11-04,41794.6015625,5712.68994140625,19963.599609375,2219.030029296875
2024-11-05,42221.87890625,5782.759765625,20227.4609375,2260.840087890625
2024-11-06,43729.9296875,5929.0400390625,20781.330078125,2392.919921875
2024-11-07,43729.33984375,5973.10009765625,21101.5703125,2382.68994140625
2024-11-08,43988.98828125,5995.5400390625,21117.1796875,2399.639892578125
2024-11-11,44293.12890625,6001.35009765625,21106.58984375,2434.97998046875
2024-11-12,43910.98046875,5983.990234375,21070.7890625,2391.85009765625
2024-11-13,43958.19140625,5985.3798828125,21036.16015625,2369.3701171875
2024-11-14,43750.859375,5949.169921875,20896.669921875,2336.93994140625
2024-11-15,43444.98828125,5870.6201171875,20394.130859375,2303.840087890625
2024-11-18,43389.6015625,5893.6201171875,20539.189453125,2306.340087890625
2024-11-19,43268.94140625,5916.97998046875,20684.58984375,2324.830078125
2024-11-20,43408.46875,5917.10986328125,20667.099609375,2325.530029296875
2024-11-21,43870.3515625,5948.7099609375,20740.779296875,2364.02001953125
2024-11-22,44296.51171875,5969.33984375,20776.23046875,2406.669921875
2024-11-25,44736.5703125,5987.3701171875,20804.890625,2442.030029296875
2024-11-26,44860.30859375,6021.6298828125,20922.900390625,2424.31005859375
2024-11-27,44722.05859375,5998.740234375,20744.490234375,2426.18994140625
2024-11-29,44910.6484375,6032.3798828125,20930.369140625,2434.72998046875
2024-12-02,44782.0,6047.14990234375,21164.599609375,2434.139892578125
2024-12-03,44705.53125,6049.8798828125,21229.3203125,2416.35009765625
2024-12-04,45014.0390625,6086.490234375,21492.359375,2426.56005859375
2024-12-05,44765.7109375,6075.10986328125,21425.220703125,2396.169921875
2024-12-06,44642.51953125,6090.27001953125,21622.25,2408.989990234375
2024-12-09,44401.9296875,6052.85009765625,21440.8203125,2392.840087890625
2024-12-10,44247.828125,6034.91015625,21368.1796875,2382.77001953125
2024-12-11,44148.55859375,6084.18994140625,21763.98046875,2394.159912109375
2024-12-12,43914.12109375,6051.25,21615.26953125,2361.080078125
2024-12-13,43828.05859375,6051.08984375,21780.25,2346.89990234375
2024-12-16,43717.48046875,6074.080078125,22096.66015625,2361.989990234375
2024-12-17,43449.8984375,6050.60986328125,22001.080078125,2334.080078125
2024-12-18,42326.87109375,5872.16015625,21209.3203125,2231.510009765625
2024-12-19,42342.23828125,5867.080078125,21110.509765625,2221.5
2024-12-20,42840.26171875,5930.85009765625,21289.150390625,2242.3701171875
2024-12-23,42906.94921875,5974.06982421875,21503.169921875,2237.43994140625
2024-12-24,43297.03125,6040.0400390625,21797.650390625,2259.85009765625
2024-12-26,43325.80078125,6037.58984375,21768.310546875,2280.18994140625
2024-12-27,42992.2109375,5970.83984375,21473.01953125,2244.590087890625
2024-12-30,42573.73046875,5906.93994140625,21197.08984375,2227.780029296875
2024-12-31,42544.21875,5881.6298828125,21012.169921875,2230.159912109375
